n_tasks,replicate,mean_pairwise_tau,mean_abs_beta_error
10,0,0.7380952380952381,1.5250752815856978
10,1,0.7142857142857141,1.4495506904361075
10,2,0.6047619047619046,3.4997300635321476
10,3,0.761904761904762,1.6583046904227465
10,4,0.9333333333333333,2.1102645586152526
10,5,0.742857142857143,2.6724013030436637
10,6,0.8142857142857142,1.7446897880925647
10,7,0.719047619047619,2.488015071348405
10,8,0.7761904761904762,1.794798806517557
10,9,0.7142857142857143,1.997623181216931
10,10,0.8714285714285713,2.3592299065389337
10,11,0.7999999999999999,2.354215727045589
10,12,0.8,1.98277354397146
10,13,0.47619047619047616,1.4229578773849612
10,14,0.8619047619047618,2.101185778920154
10,15,0.7238095238095238,3.0008503103121136
10,16,0.9095238095238095,2.1109136169900062
10,17,0.7,1.9768794091710757
10,18,0.6571428571428571,1.7714842706162155
10,19,0.8047619047619047,1.753919611124471
10,20,0.6380952380952382,1.9716250425885853
10,21,0.9095238095238096,1.738338243546578
10,22,0.8428571428571429,1.9573924178958897
10,23,0.7523809523809524,1.922623431738015
10,24,0.7999999999999999,1.2979928459529158
10,25,0.7904761904761904,1.4504170758511032
10,26,0.8999999999999998,1.7545317176393571
10,27,0.8238095238095237,1.7229209672786066
10,28,0.6714285714285715,2.5707717886537336
10,29,0.7857142857142856,1.9205839813478705
10,30,0.8333333333333334,2.3043371880177452
10,31,0.7142857142857141,2.0182024444177213
10,32,0.6761904761904762,1.7050558912538083
10,33,0.6952380952380952,1.542721151662124
10,34,0.5904761904761904,2.790576064881621
10,35,0.8428571428571429,2.9505277226631406
10,36,0.8047619047619047,1.3537182339265676
10,37,0.6666666666666666,1.4739608385441718
10,38,0.7952380952380952,1.9473999669312168
10,39,0.9333333333333333,1.9627224627224624
10,40,0.780952380952381,1.7769761103094437
10,41,0.7666666666666667,2.0665058321308325
10,42,0.8047619047619047,1.8091169215301146
10,43,0.8047619047619047,1.8522526855860189
10,44,0.6095238095238094,1.5347994662230768
10,45,0.719047619047619,2.091446771785313
10,46,0.8285714285714284,1.7151781956469463
10,47,0.8619047619047618,1.9442477853936186
10,48,0.7571428571428572,1.8753830884907277
10,49,0.5952380952380952,2.3688158870450544
10,50,0.7857142857142857,2.084175084175084
10,51,0.6904761904761905,2.3304197731281064
10,52,0.8523809523809524,1.7444828994308164
10,53,0.761904761904762,2.1390968213884887
10,54,0.838095238095238,1.5839005548206935
10,55,0.5857142857142857,1.9760480967078191
10,56,0.8666666666666666,1.6105234304019016
10,57,0.8238095238095239,2.014529387793276
10,58,0.7857142857142857,1.8720432249078085
10,59,0.6047619047619046,2.6032207408075467
10,60,0.8380952380952379,1.8224475659371497
10,61,0.7666666666666667,1.4700437326305373
10,62,0.7095238095238096,1.735049528018277
10,63,0.9238095238095239,2.5654997812115865
10,64,0.8047619047619047,2.011418959769655
10,65,0.8904761904761903,1.800777492183741
10,66,0.24285714285714285,1.5309057422772703
10,67,0.7857142857142857,1.8738271437924225
10,68,0.819047619047619,1.897636250066806
10,69,0.6714285714285715,2.1368360773742707
10,70,0.8095238095238095,1.9865514019159847
10,71,0.8714285714285713,1.666445164275025
10,72,0.7571428571428572,2.0414384837127884
10,73,0.7142857142857143,2.4443478894433768
10,74,0.7523809523809524,2.3602501536529314
10,75,0.7999999999999999,1.468718684864519
10,76,0.8523809523809524,1.6226547051199829
10,77,0.5428571428571428,2.050267473010529
10,78,0.8857142857142856,1.7968856471460644
10,79,0.8047619047619048,2.463990725709477
10,80,0.7142857142857143,2.3612914862914853
10,81,0.7857142857142857,1.6426588136657585
10,82,0.7333333333333333,2.0375379748209617
10,83,0.761904761904762,1.888536906766073
10,84,0.7904761904761904,1.9773493449708723
10,85,0.5619047619047619,1.6699674907140185
10,86,0.6999999999999998,2.246235294412378
10,87,0.7523809523809524,3.0865531555635726
10,88,0.7238095238095238,2.3900131022526865
10,89,0.7857142857142857,2.8559583099513652
10,90,0.8142857142857142,1.5475106972502808
10,91,0.6333333333333332,1.7995273919753096
10,92,0.8285714285714285,1.5221617213804712
10,93,0.7761904761904762,1.8242506914381913
10,94,0.7428571428571429,2.0869744485195874
10,95,0.680952380952381,2.0154193639436695
10,96,0.7714285714285715,2.8556892085537915
10,97,0.8238095238095237,2.5640459238549513
10,98,0.819047619047619,2.178398151488429
10,99,0.7428571428571429,2.3086300755571596
20,0,0.7714285714285715,1.6832713084883217
20,1,0.9333333333333332,1.2388426259954046
20,2,0.7571428571428572,1.6334152119742396
20,3,0.838095238095238,1.812539248303137
20,4,0.8857142857142858,1.6610135540257083
20,5,0.8619047619047618,1.6749793737640974
20,6,0.8714285714285713,1.6573568856554957
20,7,0.8380952380952381,1.4475339957110787
20,8,0.7952380952380952,1.5377399574448187
20,9,0.8047619047619047,1.3702367591256477
20,10,0.7999999999999999,1.385364266006628
20,11,0.7238095238095239,1.2045324065723377
20,12,0.8619047619047618,1.1976854043911342
20,13,0.7571428571428569,1.5629910213243547
20,14,0.8619047619047618,1.339090099072738
20,15,0.9,1.6700451522500137
20,16,0.9285714285714286,0.915549864551601
20,17,0.761904761904762,1.2377476400913898
20,18,0.8095238095238096,1.6439959699508302
20,19,0.761904761904762,1.4851288596948304
20,20,0.7095238095238096,1.2944810622762002
20,21,0.9095238095238093,1.1574219167535136
20,22,0.8619047619047618,1.2266281574007267
20,23,0.7857142857142857,1.09672869568703
20,24,0.9238095238095239,1.1189915649551072
20,25,0.780952380952381,2.0307181646157346
20,26,0.8380952380952381,1.6711623719002187
20,27,0.8619047619047618,1.4070205611004232
20,28,0.7952380952380952,1.2184444686614828
20,29,0.857142857142857,1.2171966648963168
20,30,0.9095238095238093,1.2768109229697775
20,31,0.895238095238095,1.247936332571749
20,32,0.7285714285714285,1.5185281218267335
20,33,0.8380952380952381,1.4051093983819676
20,34,0.8428571428571429,1.8599850188391855
20,35,0.8238095238095237,1.7022536041633265
20,36,0.838095238095238,1.2250167849126188
20,37,0.8190476190476189,2.0281404070466578
20,38,0.8666666666666666,1.9322453202661538
20,39,0.8285714285714285,1.1792292551841153
20,40,0.8523809523809524,1.1196267402864628
20,41,0.780952380952381,1.5847240385000816
20,42,0.7619047619047619,1.7027984875207107
20,43,0.8523809523809524,1.471941325456949
20,44,0.9238095238095237,1.8318725866468928
20,45,0.895238095238095,1.7932533001977449
20,46,0.7809523809523808,1.2853644434590619
20,47,0.7190476190476192,1.2937253236732393
20,48,0.8714285714285713,1.370088742918604
20,49,0.8,1.580554010675538
20,50,0.8571428571428571,1.2250499789562281
20,51,0.8666666666666666,1.253397379048421
20,52,0.8047619047619047,1.4427001913981077
20,53,0.9285714285714286,1.7437412526388218
20,54,0.8333333333333334,1.1605322403933507
20,55,0.9095238095238095,1.4839812643632098
20,56,0.9095238095238096,1.5006221273582387
20,57,0.9428571428571428,1.7017105997140718
20,58,0.8904761904761903,1.9261609982096097
20,59,0.7571428571428571,1.4260153828296183
20,60,0.8238095238095239,1.5403551887926883
20,61,0.9666666666666666,1.3000814611057674
20,62,0.780952380952381,1.5694062399791582
20,63,0.8571428571428571,1.4521632078055682
20,64,0.9333333333333333,1.269466740820907
20,65,0.7238095238095238,1.4571832327908716
20,66,0.7857142857142857,1.2797164978154563
20,67,0.9095238095238093,1.1166150593233926
20,68,0.8095238095238094,1.4048121133624614
20,69,0.8047619047619047,1.0588970892790341
20,70,0.8238095238095239,1.3290030763989107
20,71,0.9095238095238093,1.131317097896958
20,72,0.7857142857142856,1.5456036054994382
20,73,0.8714285714285713,1.6873156582357982
20,74,0.8761904761904761,1.3397291366041355
20,75,0.8333333333333334,1.2137086807225694
20,76,0.838095238095238,1.7423840546670408
20,77,0.8619047619047618,1.4414031184864513
20,78,0.8,1.326820411455828
20,79,0.9333333333333333,1.3522585310779753
20,80,0.7809523809523808,1.5735287731815513
20,81,0.7523809523809524,1.6244472356668542
20,82,0.780952380952381,1.5058490410052894
20,83,0.838095238095238,1.2912828474894444
20,84,0.719047619047619,1.1079749002926074
20,85,0.8333333333333334,1.8094870664315101
20,86,0.9333333333333333,1.6110252032561059
20,87,0.8238095238095238,1.017278439153439
20,88,0.838095238095238,1.632614170808618
20,89,0.9095238095238093,1.5798772905977758
20,90,0.7428571428571429,1.4477859781679225
20,91,0.8904761904761903,1.72521083436882
20,92,0.8904761904761903,1.3194823879502697
20,93,0.8761904761904761,1.417371361598793
20,94,0.7380952380952381,1.1311753447170114
20,95,0.8523809523809524,1.2556638641708082
20,96,0.895238095238095,1.262737953276148
20,97,0.8619047619047618,0.9512899330607668
20,98,0.9428571428571428,1.1379678063705845
20,99,0.7666666666666667,1.3121054292929293
30,0,0.8571428571428571,0.9955181778098452
30,1,0.9333333333333333,1.1856781550068582
30,2,0.9238095238095239,1.047339403459196
30,3,0.8380952380952381,1.315679390910872
30,4,0.9333333333333332,1.010904974012612
30,5,0.8904761904761903,1.1623645933541764
30,6,0.8761904761904761,1.1228768338143336
30,7,0.8904761904761903,1.1793523236665593
30,8,0.8761904761904761,1.108513520622895
30,9,0.9238095238095237,0.9352711974239751
30,10,0.8619047619047618,1.3615603789214912
30,11,0.8380952380952379,0.9393720187991018
30,12,0.8333333333333334,1.1401762889031408
30,13,0.7142857142857143,1.0487585010154457
30,14,0.8952380952380953,1.4678422786061678
30,15,0.8904761904761903,1.02561296246192
30,16,0.8238095238095238,1.5694778472556246
30,17,0.8523809523809524,0.8559560830972863
30,18,0.7952380952380953,1.2275166373835358
30,19,0.8333333333333333,1.1697000594570035
30,20,0.9285714285714286,0.8079551300037418
30,21,0.9333333333333333,1.0587442714178816
30,22,0.7952380952380952,1.0389360912364378
30,23,0.7285714285714285,1.4257011180477612
30,24,0.7999999999999999,1.0296022323655425
30,25,0.8619047619047618,0.7900783629950298
30,26,0.8952380952380953,1.216180627928314
30,27,0.8619047619047618,1.5234294972431552
30,28,0.8095238095238094,1.3117281862941594
30,29,0.8523809523809524,1.2103828045668326
30,30,0.7952380952380952,1.2258668168679752
30,31,0.8714285714285713,1.156202957707588
30,32,0.8571428571428571,1.1453796814039865
30,33,0.7666666666666667,0.9520024567767615
30,34,0.8952380952380953,1.0454770923520917
30,35,0.8380952380952381,1.1741712345010964
30,36,0.9095238095238095,0.7397651698866983
30,37,0.8380952380952381,1.0623684764309766
30,38,0.9285714285714286,1.501117115266421
30,39,0.8285714285714285,0.8576359661429102
30,40,0.8714285714285713,1.0185767646705148
30,41,0.8238095238095238,1.3002618362861422
30,42,0.8523809523809522,1.289232123650527
30,43,0.838095238095238,1.0979639733980016
30,44,0.8285714285714285,1.1853561658249152
30,45,0.857142857142857,1.0165904804215
30,46,0.8571428571428571,1.056252839238951
30,47,0.9428571428571428,1.2568141734808405
30,48,0.8380952380952381,0.8303130233107083
30,49,0.9333333333333333,1.011549439500828
30,50,0.819047619047619,0.7171905062530053
30,51,0.780952380952381,0.8315949257789551
30,52,0.7714285714285715,0.9141973638501417
30,53,0.8714285714285713,0.8534837879455942
30,54,0.8238095238095238,0.9724927849927854
30,55,0.7999999999999999,1.30769751082251
30,56,0.780952380952381,1.074507266781573
30,57,0.8999999999999998,1.1727131322038729
30,58,0.780952380952381,0.9746677255357818
30,59,0.8666666666666666,1.1518744405029133
30,60,0.7666666666666667,1.0898850859788356
30,61,0.8714285714285713,0.9040174396077166
30,62,0.9428571428571428,1.1132701853187965
30,63,0.780952380952381,1.2537968557933838
30,64,0.9238095238095239,0.9207760475121592
30,65,0.9666666666666666,1.168518156654731
30,66,0.8714285714285713,0.9906361481882314
30,67,0.8952380952380953,1.195035569818556
30,68,0.9428571428571428,0.8152066715434767
30,69,0.8238095238095238,0.9976716152931425
30,70,0.8571428571428571,1.272492096059804
30,71,0.9428571428571428,1.0071716879442567
30,72,0.8714285714285713,1.4411563552188547
30,73,0.8238095238095239,1.0928330928330923
30,74,0.9095238095238095,1.6625347389236274
30,75,0.9095238095238096,1.1542602362914864
30,76,0.8285714285714284,1.0465627880992463
30,77,0.8238095238095237,1.112724675658703
30,78,0.9285714285714286,0.9936532571081185
30,79,0.8380952380952381,0.8575189519199929
30,80,0.780952380952381,0.8772379883490998
30,81,0.9666666666666666,1.054394077180536
30,82,0.8238095238095239,1.0104465204291595
30,83,0.8666666666666666,0.9261304485552166
30,84,0.7761904761904762,1.6310866184998123
30,85,0.895238095238095,1.2208116841363381
30,86,0.8666666666666666,1.1372546563518782
30,87,0.9428571428571428,1.087714320787237
30,88,0.7380952380952381,1.3136394533963978
30,89,0.8238095238095238,1.2306098768772389
30,90,0.8238095238095239,0.7933514557501828
30,91,0.7904761904761904,1.2967835598043935
30,92,0.8285714285714284,1.2224555199815612
30,93,0.780952380952381,1.4168409527929204
30,94,0.8333333333333334,0.9221432663272946
30,95,0.7380952380952382,0.7562894013993556
30,96,0.9095238095238096,0.8801867606844459
30,97,0.838095238095238,0.9504227821646797
30,98,0.9095238095238095,1.019271125607931
30,99,0.780952380952381,1.8050507555715898
40,0,0.8619047619047618,1.051674827390974
40,1,0.9285714285714285,0.7788208849406774
40,2,0.9095238095238093,0.7771401494274771
40,3,0.9666666666666666,1.0459055877892685
40,4,0.8619047619047618,1.0121847192159688
40,5,0.895238095238095,0.8472864182499595
40,6,0.9095238095238095,0.8441870027156485
40,7,0.8904761904761903,0.7548194776384873
40,8,0.7619047619047619,1.2386712278205343
40,9,0.9428571428571428,1.0635231437640302
40,10,0.8952380952380953,0.7877948633156974
40,11,0.895238095238095,0.7250668891293891
40,12,0.9095238095238093,1.006027954812678
40,13,0.9285714285714286,0.9130972631406659
40,14,0.9285714285714286,1.0421737369979558
40,15,0.9285714285714286,0.8481522817460313
40,16,0.8333333333333334,1.0621198603511968
40,17,0.895238095238095,0.9098850870226739
40,18,0.9095238095238096,0.8724866472262303
40,19,0.761904761904762,1.2107962687389773
40,20,0.895238095238095,1.0823022824975943
40,21,0.9999999999999999,0.9211125547388573
40,22,0.8047619047619048,0.6882297992324027
40,23,0.742857142857143,0.8930072989317788
40,24,0.8714285714285713,1.04510825224801
40,25,0.9666666666666666,0.9405585492825077
40,26,0.9428571428571428,0.9668951262375742
40,27,0.8761904761904761,0.7603984516961949
40,28,0.9333333333333333,0.8361032614504834
40,29,0.9095238095238093,0.856087824132528
40,30,0.9428571428571428,0.7650400332692003
40,31,0.9095238095238095,0.7864176236572065
40,32,0.9428571428571428,1.1448677311307514
40,33,0.9666666666666666,0.7829937050314664
40,34,0.9428571428571428,0.8967098439754689
40,35,0.8285714285714286,0.8508435566812298
40,36,0.9095238095238095,0.7856558307947189
40,37,0.8761904761904761,1.0574037748516913
40,38,0.8904761904761903,0.9894756614591699
40,39,0.9095238095238093,0.8475046847442688
40,40,0.8761904761904761,0.8087313800204408
40,41,0.8904761904761903,0.7678512712692392
40,42,0.9333333333333333,0.71782902186548
40,43,0.9428571428571428,1.0688467950837737
40,44,0.8761904761904761,1.2589965252725668
40,45,0.9999999999999999,0.7523739482289837
40,46,0.8380952380952379,0.8519657867531129
40,47,0.9285714285714286,0.7995225381293096
40,48,0.9999999999999999,0.8314584961720382
40,49,0.8857142857142856,1.03302285420341
40,50,0.780952380952381,0.857059663266261
40,51,0.8761904761904761,0.9098382708951283
40,52,0.8380952380952381,0.7488530831629788
40,53,0.8571428571428571,0.9048970817634018
40,54,0.8571428571428571,0.921787161044974
40,55,0.9333333333333333,0.8632671581890335
40,56,0.895238095238095,0.7837172412367733
40,57,0.9285714285714286,0.8021675188558864
40,58,0.8238095238095238,0.8541961550859125
40,59,0.7952380952380953,1.133654981528245
40,60,0.8952380952380953,0.7248241968294047
40,61,0.8761904761904763,0.8957000874318587
40,62,0.8523809523809524,0.9817230777517233
40,63,0.8285714285714284,0.7637607838888217
40,64,0.8619047619047618,0.8141621551994822
40,65,0.8285714285714286,1.1460661613656407
40,66,0.9666666666666666,1.0129225038079204
40,67,0.9285714285714286,0.9493277788633692
40,68,0.8714285714285713,0.6931487285219925
40,69,0.8619047619047618,0.8484345876923997
40,70,0.9095238095238095,0.9973239650974032
40,71,0.7952380952380952,0.884788798200256
40,72,0.9095238095238095,0.9391031261690994
40,73,0.8142857142857142,0.8515503653850011
40,74,0.9285714285714286,0.8818580407664606
40,75,0.895238095238095,0.8709960467772975
40,76,0.780952380952381,1.0390118738643042
40,77,0.9333333333333332,0.8388911435786426
40,78,0.8238095238095238,0.8891622700216452
40,79,0.9285714285714286,0.8621311494575378
40,80,0.9285714285714286,0.6899441463243544
40,81,0.9333333333333333,1.0955280733926565
40,82,0.8619047619047618,0.8453262473444774
40,83,0.8619047619047618,1.085979096938298
40,84,0.9428571428571428,0.8351559264102683
40,85,0.8238095238095238,0.8691330571755921
40,86,0.8333333333333334,1.3760787542254551
40,87,0.8714285714285713,1.208616944077015
40,88,0.8380952380952381,1.0200233151622033
40,89,0.8761904761904761,0.7861730263531482
40,90,0.9999999999999999,0.8758377842579241
40,91,0.8619047619047618,0.7524821420220732
40,92,0.9095238095238093,0.9055062655323072
40,93,0.9428571428571428,0.9872144999098124
40,94,0.8619047619047618,0.8836418813632357
40,95,0.9428571428571428,0.7510731696929608
40,96,0.9333333333333333,1.1079417323449434
40,97,0.9095238095238095,0.8495039473772117
40,98,0.9333333333333333,0.9574002988716531
40,99,0.9428571428571428,0.8717533511370315
55,0,0.9095238095238093,0.6713169642857141
55,1,0.9428571428571428,0.6438153860028865
55,2,0.8714285714285713,0.5215210137085143
55,3,0.9666666666666666,0.8187617744909398
55,4,0.9666666666666666,0.6493502318155087
55,5,0.9999999999999999,0.581510166145584
55,6,0.8761904761904761,0.9555963904922237
55,7,0.895238095238095,0.6788154778606179
55,8,0.8619047619047618,0.7013899327267382
55,9,0.9238095238095235,0.6917814053230722
55,10,0.8952380952380953,0.8221049783549782
55,11,0.8571428571428571,0.5026809931323819
55,12,0.9285714285714286,0.5164022416626589
55,13,0.895238095238095,0.6619702314146769
55,14,0.9666666666666666,0.6672497544893377
55,15,0.9238095238095239,0.6743726952060279
55,16,0.8666666666666666,0.8769461312864086
55,17,0.9333333333333333,0.485310487480626
55,18,0.9285714285714286,0.8680254930254939
55,19,0.7857142857142857,0.6267306831542946
55,20,0.895238095238095,0.8467103241408793
55,21,0.9666666666666666,0.8207150038747262
55,22,0.9333333333333333,0.6494972041847035
55,23,0.8333333333333333,0.6475237243466413
55,24,0.9095238095238095,0.669657888407888
55,25,0.9428571428571428,0.9257405403238742
55,26,0.8761904761904761,0.7011527727673563
55,27,0.9666666666666666,0.757805401902624
55,28,0.9428571428571428,0.6225586720378385
55,29,0.8523809523809524,0.6567341319945487
55,30,0.7952380952380952,0.6808457424776856
55,31,0.8571428571428571,0.5460069444444445
55,32,0.9285714285714285,0.6421786482550381
55,33,0.895238095238095,0.7681949287852067
55,34,0.9285714285714286,0.6395993249291866
55,35,0.9666666666666666,0.5615705667788989
55,36,0.9666666666666666,0.5990796272914337
55,37,0.9428571428571428,0.5994677262038383
55,38,0.895238095238095,0.5768924362674364
55,39,0.8333333333333331,0.6559525062129221
55,40,0.8714285714285713,0.6150772774036666
55,41,0.9428571428571428,0.7056072464058576
55,42,0.9285714285714285,0.5244982480225526
55,43,0.8523809523809524,0.5891809129656352
55,44,0.9238095238095239,0.5612102339532897
55,45,0.8285714285714285,0.6626545715087383
55,46,0.9999999999999999,0.7125867638020412
55,47,0.9428571428571428,0.4271394918096312
55,48,0.8952380952380953,0.5884479300277909
55,49,0.9333333333333333,0.6745668490460162
55,50,0.8999999999999998,0.5673768104323652
55,51,0.9666666666666666,0.4401680495430491
55,52,0.895238095238095,0.7095853124498955
55,53,0.9285714285714286,0.7994328202661553
55,54,0.7999999999999999,0.7316084121639678
55,55,0.9666666666666666,0.7801086676954725
55,56,0.9095238095238095,0.5357835965474859
55,57,0.9095238095238093,0.5312249478916137
55,58,0.8904761904761903,0.4757376593314088
55,59,0.9428571428571428,0.6168601524504295
55,60,0.7476190476190477,0.7103944955507453
55,61,0.9285714285714285,0.5890343581315814
55,62,0.8714285714285713,0.6996402517235852
55,63,0.895238095238095,0.5312742170381051
55,64,0.7666666666666667,1.0174112153278825
55,65,0.9095238095238095,0.7193950917909255
55,66,0.895238095238095,0.951072606020522
55,67,0.895238095238095,0.7683736338250227
55,68,0.8761904761904761,0.5053419445780557
55,69,0.9999999999999999,0.9220104901528509
55,70,0.9285714285714286,0.5652951889931059
55,71,0.8571428571428571,0.7912222005103948
55,72,0.9285714285714286,0.5056768077601417
55,73,0.9285714285714286,0.5977846420554752
55,74,0.9285714285714286,0.6759998296456624
55,75,0.9428571428571428,0.7622012118539901
55,76,0.7666666666666667,0.6532925986050984
55,77,0.9333333333333333,0.6699284511784503
55,78,0.9238095238095239,0.550687513361125
55,79,0.8571428571428571,0.7635880548206936
55,80,0.8523809523809524,0.6009474707391365
55,81,0.8714285714285713,0.5833026445005612
55,82,0.8761904761904761,0.652918904655016
55,83,0.9095238095238093,0.7335169652877983
55,84,0.9428571428571428,0.7695913750601245
55,85,0.9333333333333333,0.6102035984848483
55,86,0.9238095238095237,0.5847865643872595
55,87,0.9,0.6215277777777773
55,88,0.9428571428571428,0.7898541466249794
55,89,0.9666666666666666,0.7216961279461277
55,90,0.9428571428571428,0.7916182325904549
55,91,0.8619047619047618,0.6067785577334187
55,92,0.9238095238095237,1.0119097723264392
55,93,0.8952380952380953,0.6974444344236007
55,94,0.8142857142857142,0.6201004339025161
55,95,0.9238095238095239,0.5448583052749711
55,96,0.9285714285714286,0.5698070737133243
55,97,0.9428571428571428,0.6090894059644055
55,98,0.9333333333333333,0.6658910951445665
55,99,0.9666666666666666,0.5866980402570684
