item_id,item_numeric_id,subset,language,raw_margin,cbc_margin,raw_correct,cbc_correct
alpacaeval-easy::122,122,alpacaeval-easy,arb_Arab,1.8,1.8,1.0,1.0
alpacaeval-easy::621,621,alpacaeval-easy,arb_Arab,1.2,1.2,1.0,1.0
alpacaeval-easy::647,647,alpacaeval-easy,arb_Arab,1.8,1.8,1.0,1.0
alpacaeval-easy::60,60,alpacaeval-easy,arb_Arab,-0.4,-0.4,0.0,0.0
alpacaeval-easy::761,761,alpacaeval-easy,arb_Arab,0.2,0.19999999999999998,1.0,1.0
alpacaeval-easy::17,17,alpacaeval-easy,arb_Arab,0.4,0.39999999999999997,1.0,1.0
alpacaeval-easy::753,753,alpacaeval-easy,arb_Arab,-0.2,-0.2,0.0,0.0
alpacaeval-easy::304,304,alpacaeval-easy,arb_Arab,-0.4,-0.4,0.0,0.0
alpacaeval-easy::293,293,alpacaeval-easy,arb_Arab,-1.0,-1.0,0.0,0.0
alpacaeval-easy::296,296,alpacaeval-easy,arb_Arab,3.2,3.2,1.0,1.0
alpacaeval-easy::786,786,alpacaeval-easy,arb_Arab,0.6,0.6,1.0,1.0
alpacaeval-easy::387,387,alpacaeval-easy,arb_Arab,-0.6,-0.6,0.0,0.0
alpacaeval-easy::392,392,alpacaeval-easy,arb_Arab,1.0,1.0,1.0,1.0
alpacaeval-easy::39,39,alpacaeval-easy,arb_Arab,-0.2,-0.2,0.0,0.0
alpacaeval-easy::583,583,alpacaeval-easy,arb_Arab,2.0,2.0,1.0,1.0
alpacaeval-easy::74,74,alpacaeval-easy,arb_Arab,-0.2,-0.2,0.0,0.0
alpacaeval-easy::788,788,alpacaeval-easy,arb_Arab,1.2,1.2,1.0,1.0
alpacaeval-easy::800,800,alpacaeval-easy,arb_Arab,0.2,0.19999999999999996,1.0,1.0
alpacaeval-easy::665,665,alpacaeval-easy,arb_Arab,1.4,1.4,1.0,1.0
alpacaeval-easy::47,47,alpacaeval-easy,arb_Arab,0.6,0.6,1.0,1.0
alpacaeval-easy::320,320,alpacaeval-easy,arb_Arab,1.4,1.4,1.0,1.0
alpacaeval-easy::84,84,alpacaeval-easy,arb_Arab,0.8,0.8,1.0,1.0
alpacaeval-easy::89,89,alpacaeval-easy,arb_Arab,0.4,0.39999999999999997,1.0,1.0
alpacaeval-easy::350,350,alpacaeval-easy,arb_Arab,0.4,0.4,1.0,1.0
alpacaeval-easy::656,656,alpacaeval-easy,arb_Arab,2.2,2.2,1.0,1.0
alpacaeval-easy::105,105,alpacaeval-easy,arb_Arab,1.0,1.0,1.0,1.0
alpacaeval-easy::213,213,alpacaeval-easy,arb_Arab,1.0,1.0,1.0,1.0
alpacaeval-easy::180,180,alpacaeval-easy,arb_Arab,2.4,2.4,1.0,1.0
alpacaeval-easy::422,422,alpacaeval-easy,arb_Arab,1.0,1.0,1.0,1.0
alpacaeval-easy::475,475,alpacaeval-easy,arb_Arab,0.0,-4.4408920985006264e-17,0.0,0.0
alpacaeval-easy::619,619,alpacaeval-easy,arb_Arab,0.0,-2.2204460492503132e-17,0.0,0.0
alpacaeval-easy::173,173,alpacaeval-easy,arb_Arab,0.2,0.19999999999999996,1.0,1.0
alpacaeval-easy::81,81,alpacaeval-easy,arb_Arab,0.2,0.19999999999999998,1.0,1.0
alpacaeval-easy::588,588,alpacaeval-easy,arb_Arab,0.4,0.39999999999999997,1.0,1.0
alpacaeval-easy::534,534,alpacaeval-easy,arb_Arab,-0.6,-0.6,0.0,0.0
alpacaeval-easy::434,434,alpacaeval-easy,arb_Arab,1.6,1.6,1.0,1.0
alpacaeval-easy::258,258,alpacaeval-easy,arb_Arab,1.4,1.4,1.0,1.0
alpacaeval-easy::538,538,alpacaeval-easy,arb_Arab,-0.2,-0.20000000000000004,0.0,0.0
alpacaeval-easy::384,384,alpacaeval-easy,arb_Arab,0.8,0.8,1.0,1.0
alpacaeval-easy::150,150,alpacaeval-easy,arb_Arab,3.0,3.0,1.0,1.0
alpacaeval-easy::716,716,alpacaeval-easy,arb_Arab,3.2,3.2,1.0,1.0
alpacaeval-easy::782,782,alpacaeval-easy,arb_Arab,-0.4,-0.4,0.0,0.0
alpacaeval-easy::272,272,alpacaeval-easy,arb_Arab,2.2,2.2,1.0,1.0
alpacaeval-easy::492,492,alpacaeval-easy,arb_Arab,0.0,-2.2204460492503132e-17,0.0,0.0
alpacaeval-easy::738,738,alpacaeval-easy,arb_Arab,0.0,-4.4408920985006264e-17,0.0,0.0
alpacaeval-easy::127,127,alpacaeval-easy,arb_Arab,-0.4,-0.4,0.0,0.0
alpacaeval-easy::294,294,alpacaeval-easy,arb_Arab,1.8,1.8,1.0,1.0
alpacaeval-easy::407,407,alpacaeval-easy,arb_Arab,1.2,1.2,1.0,1.0
alpacaeval-easy::717,717,alpacaeval-easy,arb_Arab,0.2,0.19999999999999998,1.0,1.0
alpacaeval-easy::98,98,alpacaeval-easy,arb_Arab,-0.2,-0.2,0.0,0.0
alpacaeval-easy::210,210,alpacaeval-easy,arb_Arab,0.0,-2.2204460492503132e-17,0.0,0.0
alpacaeval-easy::252,252,alpacaeval-easy,arb_Arab,-0.8,-0.8,0.0,0.0
alpacaeval-easy::440,440,alpacaeval-easy,arb_Arab,0.6,0.6,1.0,1.0
alpacaeval-easy::318,318,alpacaeval-easy,arb_Arab,1.6,1.5999999999999999,1.0,1.0
alpacaeval-hard::1286,1286,alpacaeval-hard,arb_Arab,0.4,0.4,1.0,1.0
alpacaeval-hard::955,955,alpacaeval-hard,arb_Arab,2.2,2.2,1.0,1.0
alpacaeval-hard::985,985,alpacaeval-hard,arb_Arab,1.6,1.5999999999999999,1.0,1.0
alpacaeval-hard::1100,1100,alpacaeval-hard,arb_Arab,-0.2,-0.20000000000000012,0.0,0.0
alpacaeval-hard::827,827,alpacaeval-hard,arb_Arab,0.4,0.4,1.0,1.0
alpacaeval-hard::1076,1076,alpacaeval-hard,arb_Arab,0.8,0.8,1.0,1.0
alpacaeval-hard::888,888,alpacaeval-hard,arb_Arab,1.4,1.4,1.0,1.0
alpacaeval-hard::871,871,alpacaeval-hard,arb_Arab,0.2,0.19999999999999998,1.0,1.0
alpacaeval-hard::963,963,alpacaeval-hard,arb_Arab,2.0,2.0,1.0,1.0
alpacaeval-hard::939,939,alpacaeval-hard,arb_Arab,0.6,0.6,1.0,1.0
alpacaeval-hard::882,882,alpacaeval-hard,arb_Arab,0.6,0.6,1.0,1.0
alpacaeval-hard::953,953,alpacaeval-hard,arb_Arab,0.8,0.8,1.0,1.0
alpacaeval-hard::1419,1419,alpacaeval-hard,arb_Arab,0.2,0.19999999999999998,1.0,1.0
alpacaeval-hard::1268,1268,alpacaeval-hard,arb_Arab,0.2,0.19999999999999996,1.0,1.0
alpacaeval-hard::1404,1404,alpacaeval-hard,arb_Arab,1.2,1.2,1.0,1.0
alpacaeval-hard::1162,1162,alpacaeval-hard,arb_Arab,1.4,1.4,1.0,1.0
alpacaeval-hard::1362,1362,alpacaeval-hard,arb_Arab,-0.2,-0.20000000000000004,0.0,0.0
alpacaeval-hard::1322,1322,alpacaeval-hard,arb_Arab,0.2,0.19999999999999998,1.0,1.0
alpacaeval-hard::934,934,alpacaeval-hard,arb_Arab,0.4,0.39999999999999997,1.0,1.0
alpacaeval-hard::1127,1127,alpacaeval-hard,arb_Arab,0.2,0.19999999999999998,1.0,1.0
alpacaeval-hard::837,837,alpacaeval-hard,arb_Arab,0.2,0.19999999999999996,1.0,1.0
alpacaeval-hard::1423,1423,alpacaeval-hard,arb_Arab,-0.4,-0.4,0.0,0.0
alpacaeval-hard::1194,1194,alpacaeval-hard,arb_Arab,-0.4,-0.4,0.0,0.0
alpacaeval-hard::1121,1121,alpacaeval-hard,arb_Arab,0.6,0.6,1.0,1.0
alpacaeval-hard::1159,1159,alpacaeval-hard,arb_Arab,0.6,0.6,1.0,1.0
alpacaeval-hard::1445,1445,alpacaeval-hard,arb_Arab,2.2,2.2,1.0,1.0
alpacaeval-hard::1143,1143,alpacaeval-hard,arb_Arab,1.0,1.0,1.0,1.0
alpacaeval-hard::1315,1315,alpacaeval-hard,arb_Arab,0.6,0.6,1.0,1.0
alpacaeval-hard::1365,1365,alpacaeval-hard,arb_Arab,1.2,1.2,1.0,1.0
alpacaeval-hard::1296,1296,alpacaeval-hard,arb_Arab,0.0,-4.4408920985006264e-17,0.0,0.0
alpacaeval-hard::1369,1369,alpacaeval-hard,arb_Arab,0.4,0.39999999999999986,1.0,1.0
alpacaeval-hard::937,937,alpacaeval-hard,arb_Arab,1.2,1.2,1.0,1.0
alpacaeval-hard::815,815,alpacaeval-hard,arb_Arab,0.8,0.8,1.0,1.0
alpacaeval-hard::1177,1177,alpacaeval-hard,arb_Arab,0.2,0.19999999999999998,1.0,1.0
alpacaeval-hard::1227,1227,alpacaeval-hard,arb_Arab,1.6,1.6,1.0,1.0
alpacaeval-hard::889,889,alpacaeval-hard,arb_Arab,0.0,-4.4408920985006264e-17,0.0,0.0
alpacaeval-hard::1140,1140,alpacaeval-hard,arb_Arab,0.0,-4.4408920985006264e-17,0.0,0.0
alpacaeval-hard::1133,1133,alpacaeval-hard,arb_Arab,-0.2,-0.20000000000000004,0.0,0.0
alpacaeval-hard::809,809,alpacaeval-hard,arb_Arab,0.4,0.4,1.0,1.0
alpacaeval-hard::1479,1479,alpacaeval-hard,arb_Arab,0.6,0.6,1.0,1.0
alpacaeval-hard::1497,1497,alpacaeval-hard,arb_Arab,1.4,1.4,1.0,1.0
alpacaeval-hard::1397,1397,alpacaeval-hard,arb_Arab,0.6,0.6,1.0,1.0
alpacaeval-hard::1012,1012,alpacaeval-hard,arb_Arab,1.0,1.0,1.0,1.0
alpacaeval-hard::1126,1126,alpacaeval-hard,arb_Arab,2.0,2.0,1.0,1.0
alpacaeval-hard::1070,1070,alpacaeval-hard,arb_Arab,1.0,1.0,1.0,1.0
alpacaeval-hard::1015,1015,alpacaeval-hard,arb_Arab,0.0,-4.4408920985006264e-17,0.0,0.0
alpacaeval-easy::7,7,alpacaeval-easy,eng_Latn,0.4,0.4,1.0,1.0
alpacaeval-easy::175,175,alpacaeval-easy,eng_Latn,2.8,2.8,1.0,1.0
alpacaeval-easy::711,711,alpacaeval-easy,eng_Latn,1.4,1.4000000000000001,1.0,1.0
alpacaeval-easy::699,699,alpacaeval-easy,eng_Latn,2.4,2.4,1.0,1.0
alpacaeval-easy::730,730,alpacaeval-easy,eng_Latn,0.6,0.6,1.0,1.0
alpacaeval-easy::215,215,alpacaeval-easy,eng_Latn,1.0,1.0,1.0,1.0
alpacaeval-easy::173,173,alpacaeval-easy,eng_Latn,1.6,1.6,1.0,1.0
alpacaeval-easy::510,510,alpacaeval-easy,eng_Latn,0.0,3.3306690738754695e-17,0.0,1.0
alpacaeval-easy::199,199,alpacaeval-easy,eng_Latn,0.0,3.3306690738754695e-17,0.0,1.0
alpacaeval-easy::449,449,alpacaeval-easy,eng_Latn,0.8,0.8,1.0,1.0
alpacaeval-easy::804,804,alpacaeval-easy,eng_Latn,1.6,1.6,1.0,1.0
alpacaeval-easy::0,0,alpacaeval-easy,eng_Latn,1.0,1.0,1.0,1.0
alpacaeval-easy::43,43,alpacaeval-easy,eng_Latn,2.4,2.4,1.0,1.0
alpacaeval-easy::231,231,alpacaeval-easy,eng_Latn,0.6,0.6,1.0,1.0
alpacaeval-easy::557,557,alpacaeval-easy,eng_Latn,0.4,0.4,1.0,1.0
alpacaeval-easy::745,745,alpacaeval-easy,eng_Latn,0.6,0.6,1.0,1.0
alpacaeval-easy::75,75,alpacaeval-easy,eng_Latn,0.4,0.4,1.0,1.0
alpacaeval-easy::372,372,alpacaeval-easy,eng_Latn,1.8,1.8,1.0,1.0
alpacaeval-easy::245,245,alpacaeval-easy,eng_Latn,1.2,1.2,1.0,1.0
alpacaeval-easy::551,551,alpacaeval-easy,eng_Latn,2.4,2.4,1.0,1.0
alpacaeval-easy::572,572,alpacaeval-easy,eng_Latn,1.6,1.6,1.0,1.0
alpacaeval-easy::474,474,alpacaeval-easy,eng_Latn,2.2,2.2,1.0,1.0
alpacaeval-easy::236,236,alpacaeval-easy,eng_Latn,1.6,1.6,1.0,1.0
alpacaeval-easy::790,790,alpacaeval-easy,eng_Latn,4.0,4.0,1.0,1.0
alpacaeval-easy::192,192,alpacaeval-easy,eng_Latn,1.2,1.2,1.0,1.0
alpacaeval-easy::17,17,alpacaeval-easy,eng_Latn,2.4,2.4,1.0,1.0
alpacaeval-easy::772,772,alpacaeval-easy,eng_Latn,2.4,2.4,1.0,1.0
alpacaeval-easy::633,633,alpacaeval-easy,eng_Latn,0.0,3.3306690738754695e-17,0.0,1.0
alpacaeval-easy::658,658,alpacaeval-easy,eng_Latn,0.0,6.661338147750939e-17,0.0,1.0
alpacaeval-easy::298,298,alpacaeval-easy,eng_Latn,2.4,2.4,1.0,1.0
alpacaeval-easy::251,251,alpacaeval-easy,eng_Latn,3.0,3.0,1.0,1.0
alpacaeval-easy::115,115,alpacaeval-easy,eng_Latn,3.6,3.6,1.0,1.0
alpacaeval-easy::243,243,alpacaeval-easy,eng_Latn,1.6,1.6,1.0,1.0
alpacaeval-easy::249,249,alpacaeval-easy,eng_Latn,3.8,3.8,1.0,1.0
alpacaeval-easy::227,227,alpacaeval-easy,eng_Latn,0.8,0.8,1.0,1.0
alpacaeval-easy::103,103,alpacaeval-easy,eng_Latn,2.8,2.8,1.0,1.0
alpacaeval-easy::284,284,alpacaeval-easy,eng_Latn,1.8,1.8,1.0,1.0
alpacaeval-easy::470,470,alpacaeval-easy,eng_Latn,0.6,0.6000000000000001,1.0,1.0
alpacaeval-easy::158,158,alpacaeval-easy,eng_Latn,0.4,0.4,1.0,1.0
alpacaeval-easy::571,571,alpacaeval-easy,eng_Latn,1.6,1.6,1.0,1.0
alpacaeval-easy::501,501,alpacaeval-easy,eng_Latn,2.4,2.4,1.0,1.0
alpacaeval-easy::519,519,alpacaeval-easy,eng_Latn,0.8,0.8,1.0,1.0
alpacaeval-easy::637,637,alpacaeval-easy,eng_Latn,2.6,2.6,1.0,1.0
alpacaeval-easy::578,578,alpacaeval-easy,eng_Latn,0.8,0.8000000000000002,1.0,1.0
alpacaeval-easy::49,49,alpacaeval-easy,eng_Latn,0.6,0.6,1.0,1.0
alpacaeval-easy::544,544,alpacaeval-easy,eng_Latn,1.4,1.4,1.0,1.0
alpacaeval-easy::701,701,alpacaeval-easy,eng_Latn,1.8,1.8,1.0,1.0
alpacaeval-easy::673,673,alpacaeval-easy,eng_Latn,0.0,3.3306690738754695e-17,0.0,1.0
alpacaeval-easy::671,671,alpacaeval-easy,eng_Latn,0.6,0.6,1.0,1.0
alpacaeval-easy::726,726,alpacaeval-easy,eng_Latn,0.2,0.20000000000000004,1.0,1.0
alpacaeval-easy::407,407,alpacaeval-easy,eng_Latn,1.6,1.6,1.0,1.0
alpacaeval-easy::148,148,alpacaeval-easy,eng_Latn,1.0,1.028536801359877,1.0,1.0
alpacaeval-easy::29,29,alpacaeval-easy,eng_Latn,1.4,1.4,1.0,1.0
alpacaeval-easy::322,322,alpacaeval-easy,eng_Latn,0.6,0.6,1.0,1.0
alpacaeval-hard::899,899,alpacaeval-hard,eng_Latn,2.6,2.6,1.0,1.0
alpacaeval-hard::1181,1181,alpacaeval-hard,eng_Latn,2.6,2.6,1.0,1.0
alpacaeval-hard::961,961,alpacaeval-hard,eng_Latn,2.0,2.0,1.0,1.0
alpacaeval-hard::1357,1357,alpacaeval-hard,eng_Latn,2.0,2.028536801359877,1.0,1.0
alpacaeval-hard::1150,1150,alpacaeval-hard,eng_Latn,1.6,1.6,1.0,1.0
alpacaeval-hard::1495,1495,alpacaeval-hard,eng_Latn,2.6,2.6,1.0,1.0
alpacaeval-hard::1239,1239,alpacaeval-hard,eng_Latn,1.6,1.6,1.0,1.0
alpacaeval-hard::1361,1361,alpacaeval-hard,eng_Latn,0.4,0.4000000000000001,1.0,1.0
alpacaeval-hard::933,933,alpacaeval-hard,eng_Latn,-0.4,-0.4,0.0,0.0
alpacaeval-hard::945,945,alpacaeval-hard,eng_Latn,0.4,0.4,1.0,1.0
alpacaeval-hard::1205,1205,alpacaeval-hard,eng_Latn,0.6,0.6000000000000001,1.0,1.0
alpacaeval-hard::1406,1406,alpacaeval-hard,eng_Latn,2.2,2.2,1.0,1.0
alpacaeval-hard::1160,1160,alpacaeval-hard,eng_Latn,-0.2,-0.1999999999999999,0.0,0.0
alpacaeval-hard::908,908,alpacaeval-hard,eng_Latn,0.6,0.6,1.0,1.0
alpacaeval-hard::1482,1482,alpacaeval-hard,eng_Latn,2.4,2.4,1.0,1.0
alpacaeval-hard::885,885,alpacaeval-hard,eng_Latn,1.8,1.8,1.0,1.0
alpacaeval-hard::911,911,alpacaeval-hard,eng_Latn,3.8,3.8,1.0,1.0
alpacaeval-hard::1091,1091,alpacaeval-hard,eng_Latn,3.0,3.0,1.0,1.0
alpacaeval-hard::882,882,alpacaeval-hard,eng_Latn,1.2,1.2,1.0,1.0
alpacaeval-hard::840,840,alpacaeval-hard,eng_Latn,1.0,1.0,1.0,1.0
alpacaeval-hard::1363,1363,alpacaeval-hard,eng_Latn,2.2,2.2,1.0,1.0
alpacaeval-hard::947,947,alpacaeval-hard,eng_Latn,2.8,2.8,1.0,1.0
alpacaeval-hard::1263,1263,alpacaeval-hard,eng_Latn,1.4,1.4000000000000001,1.0,1.0
alpacaeval-hard::926,926,alpacaeval-hard,eng_Latn,2.4,2.4,1.0,1.0
alpacaeval-hard::1010,1010,alpacaeval-hard,eng_Latn,1.4,1.4,1.0,1.0
alpacaeval-hard::907,907,alpacaeval-hard,eng_Latn,2.6,2.6,1.0,1.0
alpacaeval-hard::1367,1367,alpacaeval-hard,eng_Latn,1.4,1.4,1.0,1.0
alpacaeval-hard::861,861,alpacaeval-hard,eng_Latn,2.0,2.0,1.0,1.0
alpacaeval-hard::1036,1036,alpacaeval-hard,eng_Latn,2.0,2.0,1.0,1.0
alpacaeval-hard::981,981,alpacaeval-hard,eng_Latn,2.8,2.8,1.0,1.0
alpacaeval-hard::1355,1355,alpacaeval-hard,eng_Latn,2.0,2.0,1.0,1.0
alpacaeval-hard::1023,1023,alpacaeval-hard,eng_Latn,1.8,1.8,1.0,1.0
alpacaeval-hard::1480,1480,alpacaeval-hard,eng_Latn,-0.2,-0.19999999999999996,0.0,0.0
alpacaeval-hard::1047,1047,alpacaeval-hard,eng_Latn,2.0,2.0,1.0,1.0
alpacaeval-hard::1350,1350,alpacaeval-hard,eng_Latn,-0.4,-0.4,0.0,0.0
alpacaeval-hard::1374,1374,alpacaeval-hard,eng_Latn,3.2,3.2,1.0,1.0
alpacaeval-hard::1317,1317,alpacaeval-hard,eng_Latn,0.6,0.6000000000000001,1.0,1.0
alpacaeval-hard::974,974,alpacaeval-hard,eng_Latn,1.0,1.0000000000000002,1.0,1.0
alpacaeval-hard::838,838,alpacaeval-hard,eng_Latn,1.0,1.0,1.0,1.0
alpacaeval-hard::900,900,alpacaeval-hard,eng_Latn,1.8,1.8,1.0,1.0
alpacaeval-hard::984,984,alpacaeval-hard,eng_Latn,1.0,1.0,1.0,1.0
alpacaeval-hard::1102,1102,alpacaeval-hard,eng_Latn,1.2,1.2000000000000002,1.0,1.0
alpacaeval-hard::1252,1252,alpacaeval-hard,eng_Latn,2.4,2.4,1.0,1.0
alpacaeval-hard::1229,1229,alpacaeval-hard,eng_Latn,2.6,2.6,1.0,1.0
alpacaeval-hard::1337,1337,alpacaeval-hard,eng_Latn,1.4,1.4,1.0,1.0
alpacaeval-hard::1116,1116,alpacaeval-hard,eng_Latn,1.0,1.0000000000000002,1.0,1.0
alpacaeval-easy::401,401,alpacaeval-easy,hin_Deva,0.6,0.6000000000000001,1.0,1.0
alpacaeval-easy::29,29,alpacaeval-easy,hin_Deva,1.0,1.0,1.0,1.0
alpacaeval-easy::542,542,alpacaeval-easy,hin_Deva,3.6,3.6,1.0,1.0
alpacaeval-easy::740,740,alpacaeval-easy,hin_Deva,0.8,0.8,1.0,1.0
alpacaeval-easy::502,502,alpacaeval-easy,hin_Deva,0.0,4.4408920985006264e-17,0.0,1.0
alpacaeval-easy::764,764,alpacaeval-easy,hin_Deva,0.6,0.6000000000000001,1.0,1.0
alpacaeval-easy::341,341,alpacaeval-easy,hin_Deva,0.4,0.4000000000000001,1.0,1.0
alpacaeval-easy::564,564,alpacaeval-easy,hin_Deva,2.6,2.6,1.0,1.0
alpacaeval-easy::60,60,alpacaeval-easy,hin_Deva,0.8,0.8,1.0,1.0
alpacaeval-easy::590,590,alpacaeval-easy,hin_Deva,0.6,0.6000000000000001,1.0,1.0
alpacaeval-easy::228,228,alpacaeval-easy,hin_Deva,1.4,1.4,1.0,1.0
alpacaeval-easy::172,172,alpacaeval-easy,hin_Deva,0.8,0.8,1.0,1.0
alpacaeval-easy::8,8,alpacaeval-easy,hin_Deva,2.4,2.4,1.0,1.0
alpacaeval-easy::494,494,alpacaeval-easy,hin_Deva,0.0,4.4408920985006264e-17,0.0,1.0
alpacaeval-easy::616,616,alpacaeval-easy,hin_Deva,1.2,1.1999999999999997,1.0,1.0
alpacaeval-easy::410,410,alpacaeval-easy,hin_Deva,0.0,8.881784197001253e-17,0.0,1.0
alpacaeval-easy::565,565,alpacaeval-easy,hin_Deva,2.0,2.0,1.0,1.0
alpacaeval-easy::640,640,alpacaeval-easy,hin_Deva,0.4,0.4000000000000001,1.0,1.0
alpacaeval-easy::658,658,alpacaeval-easy,hin_Deva,0.0,8.881784197001253e-17,0.0,1.0
alpacaeval-easy::435,435,alpacaeval-easy,hin_Deva,1.8,1.8,1.0,1.0
alpacaeval-easy::195,195,alpacaeval-easy,hin_Deva,0.4,0.4000000000000001,1.0,1.0
alpacaeval-easy::467,467,alpacaeval-easy,hin_Deva,0.6,0.6000000000000001,1.0,1.0
alpacaeval-easy::353,353,alpacaeval-easy,hin_Deva,0.8,0.8,1.0,1.0
alpacaeval-easy::610,610,alpacaeval-easy,hin_Deva,0.6,0.6000000000000001,1.0,1.0
alpacaeval-easy::497,497,alpacaeval-easy,hin_Deva,0.0,5.551115123125783e-17,0.0,1.0
alpacaeval-easy::279,279,alpacaeval-easy,hin_Deva,1.4,1.4,1.0,1.0
alpacaeval-easy::379,379,alpacaeval-easy,hin_Deva,1.0,1.0,1.0,1.0
alpacaeval-easy::158,158,alpacaeval-easy,hin_Deva,0.6,0.6,1.0,1.0
alpacaeval-easy::772,772,alpacaeval-easy,hin_Deva,2.4,2.4,1.0,1.0
alpacaeval-easy::738,738,alpacaeval-easy,hin_Deva,0.6,0.6,1.0,1.0
alpacaeval-easy::444,444,alpacaeval-easy,hin_Deva,3.2,3.2,1.0,1.0
alpacaeval-easy::607,607,alpacaeval-easy,hin_Deva,0.4,0.4000000000000001,1.0,1.0
alpacaeval-easy::418,418,alpacaeval-easy,hin_Deva,0.4,0.4000000000000001,1.0,1.0
alpacaeval-easy::280,280,alpacaeval-easy,hin_Deva,2.6,2.6,1.0,1.0
alpacaeval-easy::664,664,alpacaeval-easy,hin_Deva,0.0,5.551115123125783e-17,0.0,1.0
alpacaeval-easy::466,466,alpacaeval-easy,hin_Deva,0.8,0.8,1.0,1.0
alpacaeval-easy::722,722,alpacaeval-easy,hin_Deva,1.2,1.2,1.0,1.0
alpacaeval-easy::99,99,alpacaeval-easy,hin_Deva,0.0,6.661338147750939e-17,0.0,1.0
alpacaeval-easy::422,422,alpacaeval-easy,hin_Deva,2.2,2.2,1.0,1.0
alpacaeval-easy::659,659,alpacaeval-easy,hin_Deva,1.4,1.4,1.0,1.0
alpacaeval-easy::327,327,alpacaeval-easy,hin_Deva,2.2,2.2,1.0,1.0
alpacaeval-easy::455,455,alpacaeval-easy,hin_Deva,-0.2,-0.19999999999999996,0.0,0.0
alpacaeval-easy::210,210,alpacaeval-easy,hin_Deva,0.2,0.20000000000000004,1.0,1.0
alpacaeval-easy::261,261,alpacaeval-easy,hin_Deva,0.8,0.8,1.0,1.0
alpacaeval-easy::523,523,alpacaeval-easy,hin_Deva,0.4,0.4,1.0,1.0
alpacaeval-easy::399,399,alpacaeval-easy,hin_Deva,2.4,2.4,1.0,1.0
alpacaeval-easy::721,721,alpacaeval-easy,hin_Deva,1.6,1.6,1.0,1.0
alpacaeval-easy::424,424,alpacaeval-easy,hin_Deva,-0.2,-0.19999999999999996,0.0,0.0
alpacaeval-easy::602,602,alpacaeval-easy,hin_Deva,0.4,0.4000000000000001,1.0,1.0
alpacaeval-easy::465,465,alpacaeval-easy,hin_Deva,1.0,1.0,1.0,1.0
alpacaeval-easy::96,96,alpacaeval-easy,hin_Deva,0.2,0.2000000000000001,1.0,1.0
alpacaeval-easy::690,690,alpacaeval-easy,hin_Deva,0.2,0.20000000000000004,1.0,1.0
alpacaeval-easy::242,242,alpacaeval-easy,hin_Deva,2.8,2.8,1.0,1.0
alpacaeval-easy::687,687,alpacaeval-easy,hin_Deva,0.4,0.4000000000000001,1.0,1.0
alpacaeval-hard::1157,1157,alpacaeval-hard,hin_Deva,1.0,1.0,1.0,1.0
alpacaeval-hard::1200,1200,alpacaeval-hard,hin_Deva,0.4,0.4000000000000001,1.0,1.0
alpacaeval-hard::1208,1208,alpacaeval-hard,hin_Deva,2.0,2.0,1.0,1.0
alpacaeval-hard::1364,1364,alpacaeval-hard,hin_Deva,0.6,0.6000000000000001,1.0,1.0
alpacaeval-hard::1316,1316,alpacaeval-hard,hin_Deva,-3.0,-3.0,0.0,0.0
alpacaeval-hard::1486,1486,alpacaeval-hard,hin_Deva,-1.8,-1.8,0.0,0.0
alpacaeval-hard::1353,1353,alpacaeval-hard,hin_Deva,2.0,2.0,1.0,1.0
alpacaeval-hard::1366,1366,alpacaeval-hard,hin_Deva,1.4,1.4,1.0,1.0
alpacaeval-hard::1118,1118,alpacaeval-hard,hin_Deva,0.4,0.4000000000000001,1.0,1.0
alpacaeval-hard::1044,1044,alpacaeval-hard,hin_Deva,1.4,1.4,1.0,1.0
alpacaeval-hard::1031,1031,alpacaeval-hard,hin_Deva,1.0,1.0,1.0,1.0
alpacaeval-hard::1392,1392,alpacaeval-hard,hin_Deva,2.0,2.0,1.0,1.0
alpacaeval-hard::830,830,alpacaeval-hard,hin_Deva,2.4,2.4,1.0,1.0
alpacaeval-hard::1321,1321,alpacaeval-hard,hin_Deva,0.0,5.551115123125783e-17,0.0,1.0
alpacaeval-hard::1048,1048,alpacaeval-hard,hin_Deva,0.8,0.8,1.0,1.0
alpacaeval-hard::1433,1433,alpacaeval-hard,hin_Deva,0.8,0.8,1.0,1.0
alpacaeval-hard::936,936,alpacaeval-hard,hin_Deva,0.8,0.8,1.0,1.0
alpacaeval-hard::1140,1140,alpacaeval-hard,hin_Deva,0.4,0.4000000000000001,1.0,1.0
alpacaeval-hard::1254,1254,alpacaeval-hard,hin_Deva,0.4,0.4000000000000001,1.0,1.0
alpacaeval-hard::1343,1343,alpacaeval-hard,hin_Deva,0.2,0.2000000000000001,1.0,1.0
alpacaeval-hard::1318,1318,alpacaeval-hard,hin_Deva,1.4,1.4,1.0,1.0
alpacaeval-hard::1331,1331,alpacaeval-hard,hin_Deva,1.2,1.2,1.0,1.0
alpacaeval-hard::1236,1236,alpacaeval-hard,hin_Deva,1.8,1.8,1.0,1.0
alpacaeval-hard::952,952,alpacaeval-hard,hin_Deva,0.6,0.6000000000000001,1.0,1.0
alpacaeval-hard::953,953,alpacaeval-hard,hin_Deva,0.2,0.2000000000000001,1.0,1.0
alpacaeval-hard::1385,1385,alpacaeval-hard,hin_Deva,2.0,2.0,1.0,1.0
alpacaeval-hard::1085,1085,alpacaeval-hard,hin_Deva,1.2,1.2,1.0,1.0
alpacaeval-hard::874,874,alpacaeval-hard,hin_Deva,2.0,2.0,1.0,1.0
alpacaeval-hard::930,930,alpacaeval-hard,hin_Deva,0.4,0.4000000000000001,1.0,1.0
alpacaeval-hard::1175,1175,alpacaeval-hard,hin_Deva,-1.2,-1.2,0.0,0.0
alpacaeval-hard::1029,1029,alpacaeval-hard,hin_Deva,2.8,2.8,1.0,1.0
alpacaeval-hard::1425,1425,alpacaeval-hard,hin_Deva,0.2,0.20000000000000004,1.0,1.0
alpacaeval-hard::901,901,alpacaeval-hard,hin_Deva,0.8,0.8,1.0,1.0
alpacaeval-hard::1038,1038,alpacaeval-hard,hin_Deva,1.4,1.4,1.0,1.0
alpacaeval-hard::855,855,alpacaeval-hard,hin_Deva,0.4,0.4000000000000001,1.0,1.0
alpacaeval-hard::1171,1171,alpacaeval-hard,hin_Deva,0.8,0.8,1.0,1.0
alpacaeval-hard::891,891,alpacaeval-hard,hin_Deva,1.0,1.0,1.0,1.0
alpacaeval-hard::1159,1159,alpacaeval-hard,hin_Deva,1.4,1.4,1.0,1.0
alpacaeval-hard::1060,1060,alpacaeval-hard,hin_Deva,2.0,2.0,1.0,1.0
alpacaeval-hard::1107,1107,alpacaeval-hard,hin_Deva,0.8,0.8,1.0,1.0
alpacaeval-hard::875,875,alpacaeval-hard,hin_Deva,-0.2,-0.19999999999999993,0.0,0.0
alpacaeval-hard::1013,1013,alpacaeval-hard,hin_Deva,0.8,0.8,1.0,1.0
alpacaeval-hard::951,951,alpacaeval-hard,hin_Deva,2.2,2.2,1.0,1.0
alpacaeval-hard::1352,1352,alpacaeval-hard,hin_Deva,2.0,2.0,1.0,1.0
alpacaeval-hard::1161,1161,alpacaeval-hard,hin_Deva,0.6,0.6000000000000001,1.0,1.0
alpacaeval-hard::1457,1457,alpacaeval-hard,hin_Deva,3.2,3.2,1.0,1.0
alpacaeval-easy::21,21,alpacaeval-easy,jpn_Jpan,-1.8,-1.8,0.0,0.0
alpacaeval-easy::492,492,alpacaeval-easy,jpn_Jpan,0.2,0.20000000000000004,1.0,1.0
alpacaeval-easy::143,143,alpacaeval-easy,jpn_Jpan,2.2,2.2,1.0,1.0
alpacaeval-easy::665,665,alpacaeval-easy,jpn_Jpan,0.4,0.4000000000000001,1.0,1.0
alpacaeval-easy::648,648,alpacaeval-easy,jpn_Jpan,0.4,0.4,1.0,1.0
alpacaeval-easy::289,289,alpacaeval-easy,jpn_Jpan,-0.4,-0.3999999999999999,0.0,0.0
alpacaeval-easy::164,164,alpacaeval-easy,jpn_Jpan,1.4,1.4,1.0,1.0
alpacaeval-easy::141,141,alpacaeval-easy,jpn_Jpan,0.0,6.661338147750939e-17,0.0,1.0
alpacaeval-easy::124,124,alpacaeval-easy,jpn_Jpan,0.0,8.881784197001253e-17,0.0,1.0
alpacaeval-easy::778,778,alpacaeval-easy,jpn_Jpan,-0.8,-0.7999999999999999,0.0,0.0
alpacaeval-easy::273,273,alpacaeval-easy,jpn_Jpan,0.4,0.4,1.0,1.0
alpacaeval-easy::334,334,alpacaeval-easy,jpn_Jpan,0.0,8.881784197001253e-17,0.0,1.0
alpacaeval-easy::394,394,alpacaeval-easy,jpn_Jpan,0.2,0.2000000000000001,1.0,1.0
alpacaeval-easy::686,686,alpacaeval-easy,jpn_Jpan,0.2,0.20000000000000004,1.0,1.0
alpacaeval-easy::256,256,alpacaeval-easy,jpn_Jpan,-0.8,-0.7999999999999999,0.0,0.0
alpacaeval-easy::467,467,alpacaeval-easy,jpn_Jpan,-0.2,-0.19999999999999993,0.0,0.0
alpacaeval-easy::367,367,alpacaeval-easy,jpn_Jpan,-1.0,-1.0,0.0,0.0
alpacaeval-easy::545,545,alpacaeval-easy,jpn_Jpan,-1.0,-1.0,0.0,0.0
alpacaeval-easy::705,705,alpacaeval-easy,jpn_Jpan,-0.8,-0.7999999999999999,0.0,0.0
alpacaeval-easy::83,83,alpacaeval-easy,jpn_Jpan,-0.6,-0.5999999999999999,0.0,0.0
alpacaeval-easy::345,345,alpacaeval-easy,jpn_Jpan,1.6,1.6,1.0,1.0
alpacaeval-easy::313,313,alpacaeval-easy,jpn_Jpan,0.2,0.20000000000000004,1.0,1.0
alpacaeval-easy::508,508,alpacaeval-easy,jpn_Jpan,-0.4,-0.3999999999999999,0.0,0.0
alpacaeval-easy::637,637,alpacaeval-easy,jpn_Jpan,1.2,1.2,1.0,1.0
alpacaeval-easy::287,287,alpacaeval-easy,jpn_Jpan,-0.4,-0.3999999999999999,0.0,0.0
alpacaeval-easy::639,639,alpacaeval-easy,jpn_Jpan,2.2,2.2,1.0,1.0
alpacaeval-easy::10,10,alpacaeval-easy,jpn_Jpan,0.0,4.4408920985006264e-17,0.0,1.0
alpacaeval-easy::66,66,alpacaeval-easy,jpn_Jpan,-0.4,-0.3999999999999999,0.0,0.0
alpacaeval-easy::507,507,alpacaeval-easy,jpn_Jpan,1.0,1.0,1.0,1.0
alpacaeval-easy::276,276,alpacaeval-easy,jpn_Jpan,0.2,0.20000000000000004,1.0,1.0
alpacaeval-easy::300,300,alpacaeval-easy,jpn_Jpan,0.4,0.4,1.0,1.0
alpacaeval-easy::675,675,alpacaeval-easy,jpn_Jpan,0.4,0.4,1.0,1.0
alpacaeval-easy::733,733,alpacaeval-easy,jpn_Jpan,-1.0,-1.0,0.0,0.0
alpacaeval-easy::510,510,alpacaeval-easy,jpn_Jpan,1.8,1.8,1.0,1.0
alpacaeval-easy::695,695,alpacaeval-easy,jpn_Jpan,0.0,6.661338147750939e-17,0.0,1.0
alpacaeval-easy::347,347,alpacaeval-easy,jpn_Jpan,0.4,0.4000000000000001,1.0,1.0
alpacaeval-easy::501,501,alpacaeval-easy,jpn_Jpan,0.8,0.8,1.0,1.0
alpacaeval-easy::86,86,alpacaeval-easy,jpn_Jpan,1.2,1.2,1.0,1.0
alpacaeval-easy::156,156,alpacaeval-easy,jpn_Jpan,0.8,0.8,1.0,1.0
alpacaeval-easy::50,50,alpacaeval-easy,jpn_Jpan,1.2,1.2,1.0,1.0
alpacaeval-easy::274,274,alpacaeval-easy,jpn_Jpan,0.4,0.4,1.0,1.0
alpacaeval-easy::419,419,alpacaeval-easy,jpn_Jpan,0.8,0.8,1.0,1.0
alpacaeval-easy::378,378,alpacaeval-easy,jpn_Jpan,-0.6,-0.5999999999999999,0.0,0.0
alpacaeval-easy::539,539,alpacaeval-easy,jpn_Jpan,0.8,0.8,1.0,1.0
alpacaeval-easy::154,154,alpacaeval-easy,jpn_Jpan,0.6,0.6,1.0,1.0
alpacaeval-easy::404,404,alpacaeval-easy,jpn_Jpan,0.6,0.6,1.0,1.0
alpacaeval-easy::490,490,alpacaeval-easy,jpn_Jpan,0.6,0.6000000000000001,1.0,1.0
alpacaeval-easy::350,350,alpacaeval-easy,jpn_Jpan,0.2,0.2000000000000001,1.0,1.0
alpacaeval-easy::327,327,alpacaeval-easy,jpn_Jpan,1.2,1.2,1.0,1.0
alpacaeval-easy::321,321,alpacaeval-easy,jpn_Jpan,0.4,0.4000000000000001,1.0,1.0
alpacaeval-easy::608,608,alpacaeval-easy,jpn_Jpan,-0.2,-0.19999999999999996,0.0,0.0
alpacaeval-easy::188,188,alpacaeval-easy,jpn_Jpan,0.4,0.4000000000000001,1.0,1.0
alpacaeval-easy::203,203,alpacaeval-easy,jpn_Jpan,0.4,0.4,1.0,1.0
alpacaeval-easy::770,770,alpacaeval-easy,jpn_Jpan,1.2,1.2,1.0,1.0
alpacaeval-hard::1249,1249,alpacaeval-hard,jpn_Jpan,0.0,4.4408920985006264e-17,0.0,1.0
alpacaeval-hard::1204,1204,alpacaeval-hard,jpn_Jpan,0.8,0.8,1.0,1.0
alpacaeval-hard::816,816,alpacaeval-hard,jpn_Jpan,0.8,0.8,1.0,1.0
alpacaeval-hard::1047,1047,alpacaeval-hard,jpn_Jpan,1.4,1.4,1.0,1.0
alpacaeval-hard::1452,1452,alpacaeval-hard,jpn_Jpan,0.8,0.8,1.0,1.0
alpacaeval-hard::1329,1329,alpacaeval-hard,jpn_Jpan,0.4,0.4000000000000001,1.0,1.0
alpacaeval-hard::1098,1098,alpacaeval-hard,jpn_Jpan,0.2,0.2000000000000001,1.0,1.0
alpacaeval-hard::1161,1161,alpacaeval-hard,jpn_Jpan,-0.8,-0.7999999999999999,0.0,0.0
alpacaeval-hard::811,811,alpacaeval-hard,jpn_Jpan,1.0,1.0,1.0,1.0
alpacaeval-hard::1092,1092,alpacaeval-hard,jpn_Jpan,0.0,4.4408920985006264e-17,0.0,1.0
alpacaeval-hard::1256,1256,alpacaeval-hard,jpn_Jpan,0.4,0.4,1.0,1.0
alpacaeval-hard::993,993,alpacaeval-hard,jpn_Jpan,0.2,0.2000000000000001,1.0,1.0
alpacaeval-hard::1389,1389,alpacaeval-hard,jpn_Jpan,-0.4,-0.3999999999999999,0.0,0.0
alpacaeval-hard::940,940,alpacaeval-hard,jpn_Jpan,0.0,4.4408920985006264e-17,0.0,1.0
alpacaeval-hard::1052,1052,alpacaeval-hard,jpn_Jpan,0.0,4.4408920985006264e-17,0.0,1.0
alpacaeval-hard::1082,1082,alpacaeval-hard,jpn_Jpan,0.8,0.8,1.0,1.0
alpacaeval-hard::1006,1006,alpacaeval-hard,jpn_Jpan,1.0,1.0,1.0,1.0
alpacaeval-hard::1008,1008,alpacaeval-hard,jpn_Jpan,0.75,0.7382644815538486,1.0,1.0
alpacaeval-hard::1263,1263,alpacaeval-hard,jpn_Jpan,0.6,0.6000000000000001,1.0,1.0
alpacaeval-hard::970,970,alpacaeval-hard,jpn_Jpan,0.2,0.20000000000000004,1.0,1.0
alpacaeval-hard::1385,1385,alpacaeval-hard,jpn_Jpan,0.6,0.6,1.0,1.0
alpacaeval-hard::1011,1011,alpacaeval-hard,jpn_Jpan,0.6,0.6000000000000001,1.0,1.0
alpacaeval-hard::1283,1283,alpacaeval-hard,jpn_Jpan,-0.4,-0.3999999999999999,0.0,0.0
alpacaeval-hard::897,897,alpacaeval-hard,jpn_Jpan,0.6,0.6000000000000001,1.0,1.0
alpacaeval-hard::1101,1101,alpacaeval-hard,jpn_Jpan,0.8,0.8,1.0,1.0
alpacaeval-hard::1049,1049,alpacaeval-hard,jpn_Jpan,0.6,0.6,1.0,1.0
alpacaeval-hard::1151,1151,alpacaeval-hard,jpn_Jpan,-0.4,-0.3999999999999999,0.0,0.0
alpacaeval-hard::1194,1194,alpacaeval-hard,jpn_Jpan,1.4,1.4,1.0,1.0
alpacaeval-hard::1070,1070,alpacaeval-hard,jpn_Jpan,0.4,0.4,1.0,1.0
alpacaeval-hard::1226,1226,alpacaeval-hard,jpn_Jpan,0.6,0.6000000000000001,1.0,1.0
alpacaeval-hard::1350,1350,alpacaeval-hard,jpn_Jpan,0.4,0.4,1.0,1.0
alpacaeval-hard::1301,1301,alpacaeval-hard,jpn_Jpan,-0.2,-0.19999999999999996,0.0,0.0
alpacaeval-hard::1219,1219,alpacaeval-hard,jpn_Jpan,-0.2,-0.19999999999999993,0.0,0.0
alpacaeval-hard::1058,1058,alpacaeval-hard,jpn_Jpan,-0.2,-0.19999999999999996,0.0,0.0
alpacaeval-hard::947,947,alpacaeval-hard,jpn_Jpan,1.2,1.2,1.0,1.0
alpacaeval-hard::1126,1126,alpacaeval-hard,jpn_Jpan,1.8,1.8,1.0,1.0
alpacaeval-hard::1097,1097,alpacaeval-hard,jpn_Jpan,1.4,1.4,1.0,1.0
alpacaeval-hard::1450,1450,alpacaeval-hard,jpn_Jpan,0.8,0.8,1.0,1.0
alpacaeval-hard::1405,1405,alpacaeval-hard,jpn_Jpan,1.8,1.8,1.0,1.0
alpacaeval-hard::1387,1387,alpacaeval-hard,jpn_Jpan,0.6,0.6000000000000001,1.0,1.0
alpacaeval-hard::1237,1237,alpacaeval-hard,jpn_Jpan,-0.4,-0.3999999999999999,0.0,0.0
alpacaeval-hard::973,973,alpacaeval-hard,jpn_Jpan,2.2,2.2,1.0,1.0
alpacaeval-hard::1483,1483,alpacaeval-hard,jpn_Jpan,-0.6,-0.5999999999999999,0.0,0.0
alpacaeval-hard::886,886,alpacaeval-hard,jpn_Jpan,-1.2,-1.2,0.0,0.0
alpacaeval-hard::937,937,alpacaeval-hard,jpn_Jpan,0.8,0.8,1.0,1.0
alpacaeval-hard::1062,1062,alpacaeval-hard,jpn_Jpan,0.2,0.20000000000000004,1.0,1.0
alpacaeval-easy::538,538,alpacaeval-easy,spa_Latn,-1.2,-1.2,0.0,0.0
alpacaeval-easy::409,409,alpacaeval-easy,spa_Latn,-0.6,-0.6,0.0,0.0
alpacaeval-easy::761,761,alpacaeval-easy,spa_Latn,0.2,0.20000000000000004,1.0,1.0
alpacaeval-easy::341,341,alpacaeval-easy,spa_Latn,-0.6,-0.5999999999999999,0.0,0.0
alpacaeval-easy::545,545,alpacaeval-easy,spa_Latn,-1.8,-1.8,0.0,0.0
alpacaeval-easy::326,326,alpacaeval-easy,spa_Latn,-0.4,-0.3999999999999999,0.0,0.0
alpacaeval-easy::71,71,alpacaeval-easy,spa_Latn,3.0,3.0,1.0,1.0
alpacaeval-easy::268,268,alpacaeval-easy,spa_Latn,2.2,2.2,1.0,1.0
alpacaeval-easy::371,371,alpacaeval-easy,spa_Latn,1.0,1.0,1.0,1.0
alpacaeval-easy::527,527,alpacaeval-easy,spa_Latn,-0.4,-0.3999999999999999,0.0,0.0
alpacaeval-easy::209,209,alpacaeval-easy,spa_Latn,0.6,0.6000000000000001,1.0,1.0
alpacaeval-easy::319,319,alpacaeval-easy,spa_Latn,-0.2,-0.19999999999999998,0.0,0.0
alpacaeval-easy::788,788,alpacaeval-easy,spa_Latn,0.2,0.20000000000000004,1.0,1.0
alpacaeval-easy::748,748,alpacaeval-easy,spa_Latn,0.0,8.881784197001253e-17,0.0,1.0
alpacaeval-easy::410,410,alpacaeval-easy,spa_Latn,0.0,3.3306690738754695e-17,0.0,1.0
alpacaeval-easy::495,495,alpacaeval-easy,spa_Latn,-1.6,-1.6,0.0,0.0
alpacaeval-easy::153,153,alpacaeval-easy,spa_Latn,2.0,2.0,1.0,1.0
alpacaeval-easy::123,123,alpacaeval-easy,spa_Latn,-0.2,-0.19999999999999996,0.0,0.0
alpacaeval-easy::738,738,alpacaeval-easy,spa_Latn,-1.0,-1.0,0.0,0.0
alpacaeval-easy::676,676,alpacaeval-easy,spa_Latn,1.8,1.8,1.0,1.0
alpacaeval-easy::269,269,alpacaeval-easy,spa_Latn,0.2,0.2000000000000001,1.0,1.0
alpacaeval-easy::396,396,alpacaeval-easy,spa_Latn,-0.4,-0.3999999999999999,0.0,0.0
alpacaeval-easy::744,744,alpacaeval-easy,spa_Latn,-1.6,-1.6,0.0,0.0
alpacaeval-easy::338,338,alpacaeval-easy,spa_Latn,-1.2,-1.2,0.0,0.0
alpacaeval-easy::184,184,alpacaeval-easy,spa_Latn,-1.2,-1.2,0.0,0.0
alpacaeval-easy::240,240,alpacaeval-easy,spa_Latn,-0.8,-0.8,0.0,0.0
alpacaeval-easy::275,275,alpacaeval-easy,spa_Latn,0.0,3.3306690738754695e-17,0.0,1.0
alpacaeval-easy::717,717,alpacaeval-easy,spa_Latn,0.8,0.8,1.0,1.0
alpacaeval-easy::141,141,alpacaeval-easy,spa_Latn,1.2,1.2,1.0,1.0
alpacaeval-easy::454,454,alpacaeval-easy,spa_Latn,-1.4,-1.4,0.0,0.0
alpacaeval-easy::453,453,alpacaeval-easy,spa_Latn,0.2,0.2000000000000001,1.0,1.0
alpacaeval-easy::244,244,alpacaeval-easy,spa_Latn,0.2,0.20000000000000004,1.0,1.0
alpacaeval-easy::406,406,alpacaeval-easy,spa_Latn,0.8,0.8,1.0,1.0
alpacaeval-easy::646,646,alpacaeval-easy,spa_Latn,1.2,1.2,1.0,1.0
alpacaeval-easy::402,402,alpacaeval-easy,spa_Latn,3.0,3.0,1.0,1.0
alpacaeval-easy::437,437,alpacaeval-easy,spa_Latn,0.2,0.20000000000000004,1.0,1.0
alpacaeval-easy::481,481,alpacaeval-easy,spa_Latn,1.4,1.4,1.0,1.0
alpacaeval-easy::339,339,alpacaeval-easy,spa_Latn,0.0,3.3306690738754695e-17,0.0,1.0
alpacaeval-easy::416,416,alpacaeval-easy,spa_Latn,0.0,4.4408920985006264e-17,0.0,1.0
alpacaeval-easy::687,687,alpacaeval-easy,spa_Latn,-2.0,-2.0,0.0,0.0
alpacaeval-easy::497,497,alpacaeval-easy,spa_Latn,-2.0,-2.0,0.0,0.0
alpacaeval-easy::247,247,alpacaeval-easy,spa_Latn,0.8,0.8,1.0,1.0
alpacaeval-easy::752,752,alpacaeval-easy,spa_Latn,-1.6,-1.6,0.0,0.0
alpacaeval-easy::151,151,alpacaeval-easy,spa_Latn,0.0,4.4408920985006264e-17,0.0,1.0
alpacaeval-easy::536,536,alpacaeval-easy,spa_Latn,-1.2,-1.2,0.0,0.0
alpacaeval-easy::285,285,alpacaeval-easy,spa_Latn,-0.4,-0.4,0.0,0.0
alpacaeval-easy::314,314,alpacaeval-easy,spa_Latn,0.2,0.20000000000000004,1.0,1.0
alpacaeval-easy::710,710,alpacaeval-easy,spa_Latn,-0.2,-0.19999999999999996,0.0,0.0
alpacaeval-easy::286,286,alpacaeval-easy,spa_Latn,2.8,2.8,1.0,1.0
alpacaeval-easy::200,200,alpacaeval-easy,spa_Latn,-1.2,-1.2,0.0,0.0
alpacaeval-easy::584,584,alpacaeval-easy,spa_Latn,1.8,1.8,1.0,1.0
alpacaeval-easy::773,773,alpacaeval-easy,spa_Latn,2.0,2.0,1.0,1.0
alpacaeval-easy::496,496,alpacaeval-easy,spa_Latn,0.8,0.8,1.0,1.0
alpacaeval-easy::378,378,alpacaeval-easy,spa_Latn,-0.8,-0.8,0.0,0.0
alpacaeval-hard::1122,1122,alpacaeval-hard,spa_Latn,-1.8,-1.8,0.0,0.0
alpacaeval-hard::971,971,alpacaeval-hard,spa_Latn,1.2,1.2,1.0,1.0
alpacaeval-hard::819,819,alpacaeval-hard,spa_Latn,-0.4,-0.39999999999999997,0.0,0.0
alpacaeval-hard::1171,1171,alpacaeval-hard,spa_Latn,-0.2,-0.19999999999999996,0.0,0.0
alpacaeval-hard::958,958,alpacaeval-hard,spa_Latn,0.6,0.6000000000000001,1.0,1.0
alpacaeval-hard::866,866,alpacaeval-hard,spa_Latn,-0.4,-0.39999999999999997,0.0,0.0
alpacaeval-hard::1120,1120,alpacaeval-hard,spa_Latn,1.0,1.0,1.0,1.0
alpacaeval-hard::1217,1217,alpacaeval-hard,spa_Latn,0.0,6.661338147750939e-17,0.0,1.0
alpacaeval-hard::1253,1253,alpacaeval-hard,spa_Latn,2.2,2.2,1.0,1.0
alpacaeval-hard::1297,1297,alpacaeval-hard,spa_Latn,0.0,3.3306690738754695e-17,0.0,1.0
alpacaeval-hard::1329,1329,alpacaeval-hard,spa_Latn,0.2,0.2000000000000001,1.0,1.0
alpacaeval-hard::1239,1239,alpacaeval-hard,spa_Latn,0.2,0.20000000000000004,1.0,1.0
alpacaeval-hard::1184,1184,alpacaeval-hard,spa_Latn,0.2,0.20000000000000004,1.0,1.0
alpacaeval-hard::1234,1234,alpacaeval-hard,spa_Latn,-0.8,-0.7999999999999999,0.0,0.0
alpacaeval-hard::924,924,alpacaeval-hard,spa_Latn,-1.6,-1.6,0.0,0.0
alpacaeval-hard::962,962,alpacaeval-hard,spa_Latn,0.2,0.20000000000000004,1.0,1.0
alpacaeval-hard::1370,1370,alpacaeval-hard,spa_Latn,0.2,0.20000000000000004,1.0,1.0
alpacaeval-hard::1135,1135,alpacaeval-hard,spa_Latn,-0.8,-0.7999999999999999,0.0,0.0
alpacaeval-hard::1383,1383,alpacaeval-hard,spa_Latn,-0.4,-0.3999999999999999,0.0,0.0
alpacaeval-hard::1290,1290,alpacaeval-hard,spa_Latn,1.0,1.0,1.0,1.0
alpacaeval-hard::1492,1492,alpacaeval-hard,spa_Latn,-0.4,-0.39999999999999997,0.0,0.0
alpacaeval-hard::1392,1392,alpacaeval-hard,spa_Latn,1.0,1.0,1.0,1.0
alpacaeval-hard::1077,1077,alpacaeval-hard,spa_Latn,-0.4,-0.39999999999999997,0.0,0.0
alpacaeval-hard::993,993,alpacaeval-hard,spa_Latn,0.2,0.2,1.0,1.0
alpacaeval-hard::1213,1213,alpacaeval-hard,spa_Latn,3.4,3.4,1.0,1.0
alpacaeval-hard::949,949,alpacaeval-hard,spa_Latn,-0.6,-0.5999999999999999,0.0,0.0
alpacaeval-hard::1222,1222,alpacaeval-hard,spa_Latn,-0.8,-0.7999999999999999,0.0,0.0
alpacaeval-hard::909,909,alpacaeval-hard,spa_Latn,-0.2,-0.19999999999999996,0.0,0.0
alpacaeval-hard::1476,1476,alpacaeval-hard,spa_Latn,-1.4,-1.4,0.0,0.0
alpacaeval-hard::1381,1381,alpacaeval-hard,spa_Latn,-0.2,-0.19999999999999996,0.0,0.0
alpacaeval-hard::1301,1301,alpacaeval-hard,spa_Latn,0.6,0.6000000000000001,1.0,1.0
alpacaeval-hard::1124,1124,alpacaeval-hard,spa_Latn,1.2,1.2,1.0,1.0
alpacaeval-hard::1371,1371,alpacaeval-hard,spa_Latn,0.6,0.6000000000000001,1.0,1.0
alpacaeval-hard::1152,1152,alpacaeval-hard,spa_Latn,0.6,0.6000000000000001,1.0,1.0
alpacaeval-hard::1489,1489,alpacaeval-hard,spa_Latn,0.0,4.4408920985006264e-17,0.0,1.0
alpacaeval-hard::1374,1374,alpacaeval-hard,spa_Latn,1.2,1.2,1.0,1.0
alpacaeval-hard::1119,1119,alpacaeval-hard,spa_Latn,-0.4,-0.39999999999999997,0.0,0.0
alpacaeval-hard::1418,1418,alpacaeval-hard,spa_Latn,0.0,3.3306690738754695e-17,0.0,1.0
alpacaeval-hard::811,811,alpacaeval-hard,spa_Latn,0.4,0.4000000000000001,1.0,1.0
alpacaeval-hard::1107,1107,alpacaeval-hard,spa_Latn,2.0,2.0,1.0,1.0
alpacaeval-hard::1356,1356,alpacaeval-hard,spa_Latn,0.0,2.2204460492503132e-17,0.0,1.0
alpacaeval-hard::954,954,alpacaeval-hard,spa_Latn,0.6,0.6000000000000001,1.0,1.0
alpacaeval-hard::1454,1454,alpacaeval-hard,spa_Latn,-0.4,-0.39999999999999997,0.0,0.0
alpacaeval-hard::1325,1325,alpacaeval-hard,spa_Latn,0.6,0.6000000000000001,1.0,1.0
alpacaeval-hard::1396,1396,alpacaeval-hard,spa_Latn,-0.8,-0.8,0.0,0.0
alpacaeval-hard::919,919,alpacaeval-hard,spa_Latn,0.2,0.2000000000000001,1.0,1.0
alpacaeval-easy::456,456,alpacaeval-easy,tur_Latn,0.0,4.4408920985006264e-17,0.0,1.0
alpacaeval-easy::387,387,alpacaeval-easy,tur_Latn,0.2,0.2,1.0,1.0
alpacaeval-easy::734,734,alpacaeval-easy,tur_Latn,-1.4,-1.4,0.0,0.0
alpacaeval-easy::244,244,alpacaeval-easy,tur_Latn,-0.2,-0.19999999999999996,0.0,0.0
alpacaeval-easy::193,193,alpacaeval-easy,tur_Latn,-0.4,-0.39999999999999997,0.0,0.0
alpacaeval-easy::460,460,alpacaeval-easy,tur_Latn,0.4,0.4,1.0,1.0
alpacaeval-easy::61,61,alpacaeval-easy,tur_Latn,0.6,0.6,1.0,1.0
alpacaeval-easy::288,288,alpacaeval-easy,tur_Latn,1.8,1.8,1.0,1.0
alpacaeval-easy::602,602,alpacaeval-easy,tur_Latn,-1.8,-1.8,0.0,0.0
alpacaeval-easy::683,683,alpacaeval-easy,tur_Latn,1.0,1.0,1.0,1.0
alpacaeval-easy::535,535,alpacaeval-easy,tur_Latn,0.2,0.2,1.0,1.0
alpacaeval-easy::688,688,alpacaeval-easy,tur_Latn,0.2,0.20000000000000004,1.0,1.0
alpacaeval-easy::485,485,alpacaeval-easy,tur_Latn,0.4,0.4,1.0,1.0
alpacaeval-easy::347,347,alpacaeval-easy,tur_Latn,0.2,0.20000000000000004,1.0,1.0
alpacaeval-easy::175,175,alpacaeval-easy,tur_Latn,0.8,0.8,1.0,1.0
alpacaeval-easy::730,730,alpacaeval-easy,tur_Latn,-1.0,-1.0,0.0,0.0
alpacaeval-easy::473,473,alpacaeval-easy,tur_Latn,0.6,0.6,1.0,1.0
alpacaeval-easy::443,443,alpacaeval-easy,tur_Latn,1.6,1.6,1.0,1.0
alpacaeval-easy::203,203,alpacaeval-easy,tur_Latn,1.0,1.0,1.0,1.0
alpacaeval-easy::782,782,alpacaeval-easy,tur_Latn,-0.4,-0.4,0.0,0.0
alpacaeval-easy::494,494,alpacaeval-easy,tur_Latn,-0.4,-0.4,0.0,0.0
alpacaeval-easy::320,320,alpacaeval-easy,tur_Latn,0.4,0.4,1.0,1.0
alpacaeval-easy::1,1,alpacaeval-easy,tur_Latn,0.4,0.4,1.0,1.0
alpacaeval-easy::749,749,alpacaeval-easy,tur_Latn,0.2,0.20000000000000004,1.0,1.0
alpacaeval-easy::534,534,alpacaeval-easy,tur_Latn,-0.6,-0.6,0.0,0.0
alpacaeval-easy::574,574,alpacaeval-easy,tur_Latn,0.6,0.6,1.0,1.0
alpacaeval-easy::801,801,alpacaeval-easy,tur_Latn,0.0,1.1102230246251566e-17,0.0,1.0
alpacaeval-easy::567,567,alpacaeval-easy,tur_Latn,-1.6,-1.6,0.0,0.0
alpacaeval-easy::259,259,alpacaeval-easy,tur_Latn,1.6,1.6,1.0,1.0
alpacaeval-easy::618,618,alpacaeval-easy,tur_Latn,0.8,0.8,1.0,1.0
alpacaeval-easy::578,578,alpacaeval-easy,tur_Latn,0.2,0.20000000000000004,1.0,1.0
alpacaeval-easy::455,455,alpacaeval-easy,tur_Latn,-0.8,-0.8,0.0,0.0
alpacaeval-easy::728,728,alpacaeval-easy,tur_Latn,-1.2,-1.2,0.0,0.0
alpacaeval-easy::577,577,alpacaeval-easy,tur_Latn,-0.8,-0.7999999999999999,0.0,0.0
alpacaeval-easy::142,142,alpacaeval-easy,tur_Latn,2.8,2.8,1.0,1.0
alpacaeval-easy::665,665,alpacaeval-easy,tur_Latn,0.4,0.4,1.0,1.0
alpacaeval-easy::547,547,alpacaeval-easy,tur_Latn,1.0,1.0,1.0,1.0
alpacaeval-easy::464,464,alpacaeval-easy,tur_Latn,0.4,0.4,1.0,1.0
alpacaeval-easy::713,713,alpacaeval-easy,tur_Latn,0.2,0.2,1.0,1.0
alpacaeval-easy::755,755,alpacaeval-easy,tur_Latn,0.2,0.2,1.0,1.0
alpacaeval-easy::290,290,alpacaeval-easy,tur_Latn,1.0,1.0,1.0,1.0
alpacaeval-easy::62,62,alpacaeval-easy,tur_Latn,-0.8,-0.8,0.0,0.0
alpacaeval-easy::331,331,alpacaeval-easy,tur_Latn,0.4,0.4,1.0,1.0
alpacaeval-easy::598,598,alpacaeval-easy,tur_Latn,0.0,1.1102230246251566e-17,0.0,1.0
alpacaeval-easy::11,11,alpacaeval-easy,tur_Latn,1.8,1.8,1.0,1.0
alpacaeval-easy::689,689,alpacaeval-easy,tur_Latn,0.0,1.1102230246251566e-17,0.0,1.0
alpacaeval-easy::346,346,alpacaeval-easy,tur_Latn,0.0,1.1102230246251566e-17,0.0,1.0
alpacaeval-easy::609,609,alpacaeval-easy,tur_Latn,1.4,1.4,1.0,1.0
alpacaeval-easy::157,157,alpacaeval-easy,tur_Latn,0.4,0.4,1.0,1.0
alpacaeval-easy::772,772,alpacaeval-easy,tur_Latn,2.0,2.0,1.0,1.0
alpacaeval-easy::545,545,alpacaeval-easy,tur_Latn,-0.8,-0.7999999999999999,0.0,0.0
alpacaeval-easy::159,159,alpacaeval-easy,tur_Latn,-0.4,-0.4,0.0,0.0
alpacaeval-easy::178,178,alpacaeval-easy,tur_Latn,0.4,0.4,1.0,1.0
alpacaeval-easy::652,652,alpacaeval-easy,tur_Latn,-0.2,-0.20000000000000004,0.0,0.0
alpacaeval-hard::815,815,alpacaeval-hard,tur_Latn,0.8,0.8,1.0,1.0
alpacaeval-hard::1222,1222,alpacaeval-hard,tur_Latn,-0.2,-0.19999999999999996,0.0,0.0
alpacaeval-hard::1494,1494,alpacaeval-hard,tur_Latn,0.2,0.2,1.0,1.0
alpacaeval-hard::947,947,alpacaeval-hard,tur_Latn,3.0,3.0,1.0,1.0
alpacaeval-hard::851,851,alpacaeval-hard,tur_Latn,0.0,1.1102230246251566e-17,0.0,1.0
alpacaeval-hard::1332,1332,alpacaeval-hard,tur_Latn,1.8,1.8,1.0,1.0
alpacaeval-hard::1483,1483,alpacaeval-hard,tur_Latn,0.0,3.3306690738754695e-17,0.0,1.0
alpacaeval-hard::1056,1056,alpacaeval-hard,tur_Latn,1.4,1.4,1.0,1.0
alpacaeval-hard::1230,1230,alpacaeval-hard,tur_Latn,-0.4,-0.39999999999999997,0.0,0.0
alpacaeval-hard::1111,1111,alpacaeval-hard,tur_Latn,-0.8,-0.8,0.0,0.0
alpacaeval-hard::812,812,alpacaeval-hard,tur_Latn,-1.8,-1.8,0.0,0.0
alpacaeval-hard::1481,1481,alpacaeval-hard,tur_Latn,-0.4,-0.39999999999999997,0.0,0.0
alpacaeval-hard::1126,1126,alpacaeval-hard,tur_Latn,2.2,2.2,1.0,1.0
alpacaeval-hard::1076,1076,alpacaeval-hard,tur_Latn,0.8,0.8,1.0,1.0
alpacaeval-hard::1373,1373,alpacaeval-hard,tur_Latn,-0.2,-0.19999999999999996,0.0,0.0
alpacaeval-hard::1227,1227,alpacaeval-hard,tur_Latn,0.4,0.4,1.0,1.0
alpacaeval-hard::896,896,alpacaeval-hard,tur_Latn,1.6,1.6,1.0,1.0
alpacaeval-hard::1163,1163,alpacaeval-hard,tur_Latn,0.6,0.6,1.0,1.0
alpacaeval-hard::984,984,alpacaeval-hard,tur_Latn,0.2,0.20000000000000004,1.0,1.0
alpacaeval-hard::1196,1196,alpacaeval-hard,tur_Latn,0.6,0.6,1.0,1.0
alpacaeval-hard::1399,1399,alpacaeval-hard,tur_Latn,0.0,1.1102230246251566e-17,0.0,1.0
alpacaeval-hard::1007,1007,alpacaeval-hard,tur_Latn,1.2,1.2,1.0,1.0
alpacaeval-hard::979,979,alpacaeval-hard,tur_Latn,2.4,2.4,1.0,1.0
alpacaeval-hard::1128,1128,alpacaeval-hard,tur_Latn,0.0,4.4408920985006264e-17,0.0,1.0
alpacaeval-hard::1368,1368,alpacaeval-hard,tur_Latn,2.4,2.4,1.0,1.0
alpacaeval-hard::1261,1261,alpacaeval-hard,tur_Latn,0.2,0.20000000000000004,1.0,1.0
alpacaeval-hard::884,884,alpacaeval-hard,tur_Latn,-1.4,-1.4,0.0,0.0
alpacaeval-hard::1321,1321,alpacaeval-hard,tur_Latn,0.6,0.6,1.0,1.0
alpacaeval-hard::1336,1336,alpacaeval-hard,tur_Latn,-1.6,-1.6,0.0,0.0
alpacaeval-hard::1384,1384,alpacaeval-hard,tur_Latn,1.0,1.0,1.0,1.0
alpacaeval-hard::895,895,alpacaeval-hard,tur_Latn,-1.6,-1.6,0.0,0.0
alpacaeval-hard::1379,1379,alpacaeval-hard,tur_Latn,1.4,1.4,1.0,1.0
alpacaeval-hard::1290,1290,alpacaeval-hard,tur_Latn,0.8,0.8,1.0,1.0
alpacaeval-hard::1488,1488,alpacaeval-hard,tur_Latn,0.0,1.1102230246251566e-17,0.0,1.0
alpacaeval-hard::980,980,alpacaeval-hard,tur_Latn,0.6,0.6,1.0,1.0
alpacaeval-hard::1288,1288,alpacaeval-hard,tur_Latn,-1.2,-1.2,0.0,0.0
alpacaeval-hard::916,916,alpacaeval-hard,tur_Latn,0.8,0.8,1.0,1.0
alpacaeval-hard::1103,1103,alpacaeval-hard,tur_Latn,-0.2,-0.19999999999999996,0.0,0.0
alpacaeval-hard::1265,1265,alpacaeval-hard,tur_Latn,-0.6,-0.6,0.0,0.0
alpacaeval-hard::1247,1247,alpacaeval-hard,tur_Latn,0.8,0.8,1.0,1.0
alpacaeval-hard::1251,1251,alpacaeval-hard,tur_Latn,-1.0,-1.0,0.0,0.0
alpacaeval-hard::1291,1291,alpacaeval-hard,tur_Latn,0.4,0.4,1.0,1.0
alpacaeval-hard::875,875,alpacaeval-hard,tur_Latn,-2.8,-2.8,0.0,0.0
alpacaeval-hard::1031,1031,alpacaeval-hard,tur_Latn,-1.4,-1.4,0.0,0.0
alpacaeval-hard::1271,1271,alpacaeval-hard,tur_Latn,0.4,0.4,1.0,1.0
alpacaeval-hard::1118,1118,alpacaeval-hard,tur_Latn,0.6,0.6,1.0,1.0
alpacaeval-easy::380,380,alpacaeval-easy,zho_Hans,0.4,0.4,1.0,1.0
alpacaeval-easy::448,448,alpacaeval-easy,zho_Hans,1.0,1.0000000000000002,1.0,1.0
alpacaeval-easy::109,109,alpacaeval-easy,zho_Hans,-0.2,-0.19999999999999996,0.0,0.0
alpacaeval-easy::412,412,alpacaeval-easy,zho_Hans,-0.2,-0.19999999999999998,0.0,0.0
alpacaeval-easy::388,388,alpacaeval-easy,zho_Hans,-0.2,-0.19999999999999996,0.0,0.0
alpacaeval-easy::399,399,alpacaeval-easy,zho_Hans,0.4,0.4,1.0,1.0
alpacaeval-easy::21,21,alpacaeval-easy,zho_Hans,-1.2,-1.2,0.0,0.0
alpacaeval-easy::734,734,alpacaeval-easy,zho_Hans,-1.6,-1.6,0.0,0.0
alpacaeval-easy::509,509,alpacaeval-easy,zho_Hans,1.0,1.0,1.0,1.0
alpacaeval-easy::189,189,alpacaeval-easy,zho_Hans,-2.0,-2.0,0.0,0.0
alpacaeval-easy::271,271,alpacaeval-easy,zho_Hans,0.6,0.6,1.0,1.0
alpacaeval-easy::666,666,alpacaeval-easy,zho_Hans,-0.4,-0.4,0.0,0.0
alpacaeval-easy::179,179,alpacaeval-easy,zho_Hans,0.0,2.2204460492503132e-17,0.0,1.0
alpacaeval-easy::511,511,alpacaeval-easy,zho_Hans,1.0,1.0,1.0,1.0
alpacaeval-easy::209,209,alpacaeval-easy,zho_Hans,0.2,0.2,1.0,1.0
alpacaeval-easy::307,307,alpacaeval-easy,zho_Hans,0.2,0.2000000000000001,1.0,1.0
alpacaeval-easy::553,553,alpacaeval-easy,zho_Hans,1.4,1.4,1.0,1.0
alpacaeval-easy::714,714,alpacaeval-easy,zho_Hans,0.0,2.2204460492503132e-17,0.0,1.0
alpacaeval-easy::720,720,alpacaeval-easy,zho_Hans,0.4,0.4,1.0,1.0
alpacaeval-easy::438,438,alpacaeval-easy,zho_Hans,0.2,0.2,1.0,1.0
alpacaeval-easy::443,443,alpacaeval-easy,zho_Hans,1.0,1.0,1.0,1.0
alpacaeval-easy::488,488,alpacaeval-easy,zho_Hans,0.2,0.2,1.0,1.0
alpacaeval-easy::673,673,alpacaeval-easy,zho_Hans,-0.2,-0.19999999999999996,0.0,0.0
alpacaeval-easy::796,796,alpacaeval-easy,zho_Hans,0.0,2.2204460492503132e-17,0.0,1.0
alpacaeval-easy::387,387,alpacaeval-easy,zho_Hans,-1.2,-1.2,0.0,0.0
alpacaeval-easy::116,116,alpacaeval-easy,zho_Hans,0.0,2.2204460492503132e-17,0.0,1.0
alpacaeval-easy::45,45,alpacaeval-easy,zho_Hans,-0.2,-0.19999999999999993,0.0,0.0
alpacaeval-easy::567,567,alpacaeval-easy,zho_Hans,-1.6,-1.6,0.0,0.0
alpacaeval-easy::542,542,alpacaeval-easy,zho_Hans,0.4,0.4,1.0,1.0
alpacaeval-easy::247,247,alpacaeval-easy,zho_Hans,0.2,0.2,1.0,1.0
alpacaeval-easy::750,750,alpacaeval-easy,zho_Hans,0.2,0.2,1.0,1.0
alpacaeval-easy::454,454,alpacaeval-easy,zho_Hans,0.4,0.4,1.0,1.0
alpacaeval-easy::20,20,alpacaeval-easy,zho_Hans,0.2,0.2,1.0,1.0
alpacaeval-easy::193,193,alpacaeval-easy,zho_Hans,-0.4,-0.3999999999999999,0.0,0.0
alpacaeval-easy::183,183,alpacaeval-easy,zho_Hans,-1.0,-1.0,0.0,0.0
alpacaeval-easy::123,123,alpacaeval-easy,zho_Hans,-0.8,-0.8,0.0,0.0
alpacaeval-easy::74,74,alpacaeval-easy,zho_Hans,0.4,0.4,1.0,1.0
alpacaeval-easy::530,530,alpacaeval-easy,zho_Hans,-0.2,-0.19999999999999996,0.0,0.0
alpacaeval-easy::137,137,alpacaeval-easy,zho_Hans,-0.4,-0.3999999999999999,0.0,0.0
alpacaeval-easy::618,618,alpacaeval-easy,zho_Hans,0.2,0.2,1.0,1.0
alpacaeval-easy::54,54,alpacaeval-easy,zho_Hans,0.4,0.4,1.0,1.0
alpacaeval-easy::589,589,alpacaeval-easy,zho_Hans,0.0,8.881784197001253e-17,0.0,1.0
alpacaeval-easy::114,114,alpacaeval-easy,zho_Hans,0.0,2.2204460492503132e-17,0.0,1.0
alpacaeval-easy::785,785,alpacaeval-easy,zho_Hans,0.4,0.4,1.0,1.0
alpacaeval-easy::44,44,alpacaeval-easy,zho_Hans,0.8,0.8,1.0,1.0
alpacaeval-easy::573,573,alpacaeval-easy,zho_Hans,-0.2,-0.19999999999999998,0.0,0.0
alpacaeval-easy::367,367,alpacaeval-easy,zho_Hans,0.4,0.4,1.0,1.0
alpacaeval-easy::290,290,alpacaeval-easy,zho_Hans,0.6,0.6,1.0,1.0
alpacaeval-easy::595,595,alpacaeval-easy,zho_Hans,-0.2,-0.19999999999999996,0.0,0.0
alpacaeval-easy::292,292,alpacaeval-easy,zho_Hans,1.6,1.6,1.0,1.0
alpacaeval-easy::285,285,alpacaeval-easy,zho_Hans,-0.6,-0.5999999999999999,0.0,0.0
alpacaeval-easy::150,150,alpacaeval-easy,zho_Hans,1.6,1.6,1.0,1.0
alpacaeval-easy::766,766,alpacaeval-easy,zho_Hans,0.4,0.4,1.0,1.0
alpacaeval-easy::668,668,alpacaeval-easy,zho_Hans,0.8,0.8,1.0,1.0
alpacaeval-hard::1257,1257,alpacaeval-hard,zho_Hans,0.2,0.2000000000000001,1.0,1.0
alpacaeval-hard::1493,1493,alpacaeval-hard,zho_Hans,0.4,0.4,1.0,1.0
alpacaeval-hard::972,972,alpacaeval-hard,zho_Hans,1.2,1.2,1.0,1.0
alpacaeval-hard::1468,1468,alpacaeval-hard,zho_Hans,0.4,0.4,1.0,1.0
alpacaeval-hard::1022,1022,alpacaeval-hard,zho_Hans,0.8,0.8,1.0,1.0
alpacaeval-hard::1355,1355,alpacaeval-hard,zho_Hans,1.0,1.0,1.0,1.0
alpacaeval-hard::893,893,alpacaeval-hard,zho_Hans,1.6,1.6,1.0,1.0
alpacaeval-hard::1326,1326,alpacaeval-hard,zho_Hans,1.4,1.4,1.0,1.0
alpacaeval-hard::1080,1080,alpacaeval-hard,zho_Hans,0.2,0.2,1.0,1.0
alpacaeval-hard::1072,1072,alpacaeval-hard,zho_Hans,1.8,1.8,1.0,1.0
alpacaeval-hard::1357,1357,alpacaeval-hard,zho_Hans,-0.6,-0.6,0.0,0.0
alpacaeval-hard::1444,1444,alpacaeval-hard,zho_Hans,0.0,2.2204460492503132e-17,0.0,1.0
alpacaeval-hard::850,850,alpacaeval-hard,zho_Hans,-0.6,-0.5999999999999999,0.0,0.0
alpacaeval-hard::1402,1402,alpacaeval-hard,zho_Hans,2.0,2.0,1.0,1.0
alpacaeval-hard::1447,1447,alpacaeval-hard,zho_Hans,0.0,2.2204460492503132e-17,0.0,1.0
alpacaeval-hard::985,985,alpacaeval-hard,zho_Hans,0.8,0.8,1.0,1.0
alpacaeval-hard::1044,1044,alpacaeval-hard,zho_Hans,0.4,0.4,1.0,1.0
alpacaeval-hard::1138,1138,alpacaeval-hard,zho_Hans,0.0,2.2204460492503132e-17,0.0,1.0
alpacaeval-hard::962,962,alpacaeval-hard,zho_Hans,0.2,0.20000000000000004,1.0,1.0
alpacaeval-hard::949,949,alpacaeval-hard,zho_Hans,0.4,0.4,1.0,1.0
alpacaeval-hard::1163,1163,alpacaeval-hard,zho_Hans,0.4,0.4,1.0,1.0
alpacaeval-hard::878,878,alpacaeval-hard,zho_Hans,0.4,0.4,1.0,1.0
alpacaeval-hard::1358,1358,alpacaeval-hard,zho_Hans,0.4,0.4,1.0,1.0
alpacaeval-hard::951,951,alpacaeval-hard,zho_Hans,-0.6,-0.5999999999999999,0.0,0.0
alpacaeval-hard::1081,1081,alpacaeval-hard,zho_Hans,0.0,2.2204460492503132e-17,0.0,1.0
alpacaeval-hard::877,877,alpacaeval-hard,zho_Hans,0.8,0.8,1.0,1.0
alpacaeval-hard::898,898,alpacaeval-hard,zho_Hans,4.0,4.0,1.0,1.0
alpacaeval-hard::994,994,alpacaeval-hard,zho_Hans,-0.4,-0.39999999999999997,0.0,0.0
alpacaeval-hard::1386,1386,alpacaeval-hard,zho_Hans,-2.4,-2.4,0.0,0.0
alpacaeval-hard::1103,1103,alpacaeval-hard,zho_Hans,-0.4,-0.3999999999999999,0.0,0.0
alpacaeval-hard::930,930,alpacaeval-hard,zho_Hans,0.8,0.8,1.0,1.0
alpacaeval-hard::1458,1458,alpacaeval-hard,zho_Hans,-1.0,-1.0,0.0,0.0
alpacaeval-hard::1324,1324,alpacaeval-hard,zho_Hans,0.2,0.2,1.0,1.0
alpacaeval-hard::919,919,alpacaeval-hard,zho_Hans,0.4,0.4,1.0,1.0
alpacaeval-hard::1199,1199,alpacaeval-hard,zho_Hans,0.4,0.4000000000000001,1.0,1.0
alpacaeval-hard::818,818,alpacaeval-hard,zho_Hans,0.6,0.6,1.0,1.0
alpacaeval-hard::1078,1078,alpacaeval-hard,zho_Hans,0.0,2.2204460492503132e-17,0.0,1.0
alpacaeval-hard::1188,1188,alpacaeval-hard,zho_Hans,-0.4,-0.3999999999999999,0.0,0.0
alpacaeval-hard::1412,1412,alpacaeval-hard,zho_Hans,0.0,2.2204460492503132e-17,0.0,1.0
alpacaeval-hard::910,910,alpacaeval-hard,zho_Hans,0.6,0.6000000000000001,1.0,1.0
alpacaeval-hard::983,983,alpacaeval-hard,zho_Hans,0.6,0.6,1.0,1.0
alpacaeval-hard::1320,1320,alpacaeval-hard,zho_Hans,-0.4,-0.3999999999999999,0.0,0.0
alpacaeval-hard::993,993,alpacaeval-hard,zho_Hans,0.6,0.6000000000000001,1.0,1.0
alpacaeval-hard::1315,1315,alpacaeval-hard,zho_Hans,0.4,0.4,1.0,1.0
alpacaeval-hard::1483,1483,alpacaeval-hard,zho_Hans,0.6,0.6,1.0,1.0
alpacaeval-hard::1449,1449,alpacaeval-hard,zho_Hans,-0.8,-0.7999999999999999,0.0,0.0
