replicate,raw_tau,cbc_tau,xu_tau,tau_gain,n_eval_tasks
0,0.4666666666666667,0.9428571428571427,0.4095238095238095,0.47619047619047605,542
1,0.4666666666666667,0.9428571428571428,0.3904761904761904,0.47619047619047616,558
2,0.4095238095238095,0.8857142857142856,0.4095238095238095,0.47619047619047605,559
3,0.4095238095238095,0.8476190476190476,0.4095238095238095,0.4380952380952381,536
4,0.4095238095238095,0.8476190476190476,0.4095238095238095,0.4380952380952381,553
5,0.4095238095238094,0.9428571428571428,0.4285714285714285,0.5333333333333334,548
6,0.4095238095238095,0.8476190476190476,0.3904761904761904,0.4380952380952381,553
7,0.3904761904761904,0.8857142857142856,0.3523809523809524,0.49523809523809514,540
8,0.4095238095238095,0.8857142857142858,0.4095238095238094,0.4761904761904763,562
9,0.4857142857142855,0.9999999999999998,0.4285714285714285,0.5142857142857142,562
10,0.4285714285714285,0.9428571428571428,0.4095238095238095,0.5142857142857143,559
11,0.4285714285714285,0.9428571428571428,0.4285714285714285,0.5142857142857143,541
12,0.4095238095238095,0.9428571428571428,0.4095238095238095,0.5333333333333333,560
13,0.4476190476190475,0.8285714285714285,0.4285714285714284,0.380952380952381,561
14,0.5047619047619047,0.9428571428571428,0.4095238095238095,0.4380952380952381,540
15,0.4476190476190475,0.9428571428571428,0.4095238095238095,0.4952380952380953,526
16,0.4095238095238095,0.8857142857142858,0.4095238095238094,0.4761904761904763,562
17,0.4666666666666666,0.9999999999999998,0.4095238095238095,0.5333333333333332,544
18,0.4095238095238095,0.9999999999999998,0.3904761904761904,0.5904761904761903,547
19,0.4666666666666667,0.8476190476190476,0.4095238095238095,0.38095238095238093,558
20,0.4095238095238095,0.8285714285714286,0.4095238095238095,0.4190476190476191,542
21,0.4095238095238095,0.9047619047619048,0.37142857142857144,0.49523809523809526,562
22,0.4285714285714285,0.9999999999999998,0.4285714285714285,0.5714285714285713,524
23,0.4357837690233564,0.9428571428571428,0.4285714285714284,0.5070733738337865,545
24,0.4095238095238095,0.9999999999999998,0.4095238095238095,0.5904761904761903,537
25,0.4666666666666667,0.9428571428571428,0.4095238095238094,0.47619047619047616,548
26,0.4666666666666665,0.9428571428571428,0.4095238095238094,0.47619047619047633,529
27,0.4666666666666667,0.8476190476190476,0.3904761904761904,0.38095238095238093,556
28,0.4666666666666667,0.8285714285714285,0.3904761904761904,0.36190476190476184,562
29,0.4095238095238095,0.8857142857142858,0.37142857142857144,0.4761904761904763,572
30,0.4095238095238095,0.9428571428571428,0.4095238095238095,0.5333333333333333,544
31,0.4666666666666667,0.7714285714285716,0.3904761904761904,0.3047619047619049,554
32,0.4666666666666667,0.7523809523809524,0.35238095238095235,0.2857142857142857,563
33,0.5047619047619047,0.8857142857142858,0.35238095238095235,0.38095238095238104,577
34,0.4095238095238095,0.9047619047619048,0.4095238095238095,0.49523809523809526,555
35,0.4666666666666667,0.8476190476190476,0.3904761904761904,0.38095238095238093,550
36,0.4095238095238094,0.8285714285714285,0.3904761904761904,0.4190476190476191,576
37,0.4095238095238095,0.9428571428571428,0.3904761904761904,0.5333333333333333,564
38,0.4427317426714775,0.8476190476190476,0.4095238095238095,0.4048873049475701,528
39,0.4095238095238095,0.9047619047619048,0.4095238095238095,0.49523809523809526,559
40,0.4285714285714285,0.8857142857142858,0.3714285714285714,0.4571428571428573,558
41,0.4095238095238095,0.9428571428571427,0.3904761904761904,0.5333333333333332,553
42,0.4095238095238095,0.8476190476190476,0.4095238095238095,0.4380952380952381,575
43,0.4666666666666666,0.8857142857142856,0.4095238095238095,0.41904761904761895,555
44,0.4095238095238094,0.9047619047619048,0.4095238095238095,0.49523809523809537,548
45,0.4095238095238094,0.9047619047619048,0.4095238095238094,0.49523809523809537,584
46,0.4095238095238095,0.8857142857142858,0.4095238095238095,0.4761904761904763,554
47,0.4095238095238095,0.9428571428571428,0.4095238095238095,0.5333333333333333,552
48,0.4666666666666666,0.9428571428571428,0.4095238095238095,0.4761904761904762,556
49,0.4666666666666667,0.9428571428571427,0.4666666666666667,0.47619047619047605,545
50,0.4857142857142856,0.9428571428571427,0.4095238095238094,0.45714285714285713,550
51,0.4095238095238095,0.9047619047619048,0.4095238095238095,0.49523809523809526,537
52,0.4095238095238095,0.9428571428571428,0.37142857142857144,0.5333333333333333,565
53,0.4095238095238095,0.9428571428571428,0.4095238095238095,0.5333333333333333,543
54,0.4285714285714285,0.9428571428571427,0.3904761904761904,0.5142857142857142,571
55,0.4476190476190475,0.9428571428571427,0.4095238095238095,0.4952380952380952,556
56,0.4666666666666667,0.9428571428571427,0.4095238095238095,0.47619047619047605,542
57,0.3523809523809524,0.8857142857142856,0.37142857142857144,0.5333333333333332,537
58,0.4272902938498223,0.9428571428571427,0.4095238095238095,0.5155668490073204,574
59,0.4095238095238095,0.9047619047619048,0.4095238095238095,0.49523809523809526,560
60,0.4095238095238094,0.9428571428571428,0.37142857142857144,0.5333333333333334,537
61,0.4666666666666665,0.8476190476190476,0.4095238095238095,0.3809523809523811,538
62,0.4666666666666667,0.9999999999999998,0.4095238095238095,0.5333333333333331,572
63,0.4095238095238094,0.9047619047619048,0.4095238095238095,0.49523809523809537,563
64,0.4666666666666666,0.9428571428571428,0.4666666666666665,0.4761904761904762,549
65,0.4095238095238095,0.8857142857142858,0.4095238095238095,0.4761904761904763,516
66,0.4666666666666667,0.8857142857142856,0.35238095238095235,0.4190476190476189,555
67,0.37142857142857144,0.9999999999999998,0.37142857142857144,0.6285714285714283,524
68,0.4666666666666667,0.8857142857142858,0.4095238095238095,0.4190476190476191,553
69,0.4666666666666666,0.8857142857142858,0.37142857142857144,0.41904761904761917,555
70,0.4285714285714285,0.9999999999999998,0.4285714285714285,0.5714285714285713,549
71,0.4666666666666666,0.8857142857142858,0.4095238095238095,0.41904761904761917,551
72,0.4095238095238095,0.8476190476190476,0.3904761904761904,0.4380952380952381,550
73,0.4754245086440077,0.9428571428571427,0.4095238095238095,0.467432634213135,551
74,0.4095238095238095,0.9428571428571428,0.3904761904761904,0.5333333333333333,545
75,0.4476190476190475,0.9428571428571427,0.4095238095238095,0.4952380952380952,564
76,0.4095238095238095,0.7904761904761906,0.3904761904761904,0.38095238095238104,554
77,0.4095238095238095,0.8476190476190476,0.4095238095238095,0.4380952380952381,531
78,0.45586172242125095,0.8857142857142858,0.42857142857142855,0.42985256329303484,558
79,0.4095238095238095,0.9047619047619048,0.3904761904761904,0.49523809523809526,553
80,0.4285714285714285,0.9047619047619048,0.4095238095238095,0.4761904761904763,542
81,0.4666666666666667,0.8285714285714286,0.3904761904761904,0.36190476190476195,561
82,0.4666666666666665,0.9428571428571427,0.4095238095238094,0.4761904761904762,552
83,0.4285714285714285,0.8857142857142858,0.4285714285714285,0.4571428571428573,557
84,0.3904761904761904,0.9428571428571427,0.3523809523809524,0.5523809523809523,551
85,0.4095238095238094,0.9047619047619048,0.4095238095238094,0.49523809523809537,536
86,0.4666666666666667,0.8095238095238095,0.4095238095238095,0.34285714285714286,553
87,0.48571428571428565,0.7714285714285714,0.4095238095238094,0.2857142857142857,553
88,0.4666666666666667,0.9999999999999998,0.4095238095238095,0.5333333333333331,559
89,0.4095238095238095,0.9047619047619048,0.4095238095238095,0.49523809523809526,551
90,0.4095238095238094,0.8285714285714286,0.3904761904761904,0.4190476190476192,559
91,0.4095238095238094,0.9428571428571427,0.3904761904761904,0.5333333333333333,564
92,0.4095238095238095,0.9428571428571428,0.4095238095238095,0.5333333333333333,552
93,0.4285714285714285,0.8857142857142858,0.4285714285714285,0.4571428571428573,562
94,0.4095238095238095,0.8857142857142858,0.37142857142857144,0.4761904761904763,567
95,0.4285714285714285,0.9047619047619048,0.4285714285714285,0.4761904761904763,554
96,0.3904761904761904,0.9047619047619048,0.3333333333333333,0.5142857142857143,555
97,0.4095238095238094,0.9428571428571427,0.3904761904761904,0.5333333333333333,510
98,0.4666666666666667,0.8857142857142858,0.4666666666666667,0.4190476190476191,556
99,0.4095238095238095,0.9428571428571428,0.42857142857142855,0.5333333333333333,564
100,0.3523809523809524,0.9047619047619048,0.37142857142857144,0.5523809523809524,563
101,0.4095238095238095,0.8476190476190476,0.42857142857142855,0.4380952380952381,549
102,0.4285714285714284,0.9047619047619048,0.44761904761904764,0.4761904761904764,533
103,0.4095238095238095,0.9428571428571428,0.4095238095238095,0.5333333333333333,554
104,0.4095238095238094,0.9047619047619048,0.3904761904761904,0.49523809523809537,555
105,0.4285714285714285,0.9428571428571428,0.48571428571428565,0.5142857142857143,536
106,0.4095238095238095,0.9047619047619048,0.3904761904761904,0.49523809523809526,541
107,0.4666666666666666,0.9428571428571428,0.4095238095238095,0.4761904761904762,540
108,0.37142857142857144,0.9999999999999998,0.37142857142857144,0.6285714285714283,566
109,0.4095238095238095,0.9047619047619048,0.4095238095238095,0.49523809523809526,556
110,0.4095238095238095,0.9428571428571428,0.4095238095238095,0.5333333333333333,540
111,0.4095238095238095,0.9047619047619048,0.3904761904761904,0.49523809523809526,556
112,0.4095238095238095,0.8476190476190476,0.4095238095238095,0.4380952380952381,561
113,0.44761904761904764,0.9428571428571427,0.37142857142857144,0.4952380952380951,544
114,0.4666666666666667,0.8476190476190476,0.4666666666666667,0.38095238095238093,547
115,0.4095238095238095,0.8857142857142856,0.4095238095238095,0.47619047619047605,574
116,0.4095238095238095,0.9428571428571427,0.3904761904761904,0.5333333333333332,536
117,0.37142857142857144,0.9999999999999998,0.37142857142857144,0.6285714285714283,562
118,0.4666666666666665,0.9428571428571427,0.3904761904761904,0.4761904761904762,548
119,0.4095238095238095,0.9428571428571428,0.3904761904761904,0.5333333333333333,546
120,0.4095238095238094,0.9428571428571428,0.4095238095238094,0.5333333333333334,547
121,0.4095238095238095,0.7904761904761903,0.4095238095238095,0.3809523809523808,535
122,0.4666666666666667,0.8476190476190476,0.4095238095238095,0.38095238095238093,570
123,0.4357837690233565,0.9428571428571427,0.4095238095238095,0.5070733738337863,550
124,0.4666666666666666,0.9428571428571427,0.4095238095238095,0.4761904761904761,551
125,0.4285714285714285,0.9047619047619045,0.4095238095238095,0.47619047619047605,538
126,0.4095238095238095,0.8095238095238095,0.4095238095238095,0.4,553
127,0.4095238095238094,0.9428571428571427,0.3904761904761904,0.5333333333333333,567
128,0.4095238095238094,0.7904761904761906,0.3904761904761904,0.38095238095238115,563
129,0.4095238095238095,0.9428571428571428,0.4095238095238095,0.5333333333333333,546
130,0.4095238095238095,0.9999999999999998,0.3904761904761904,0.5904761904761903,529
131,0.4095238095238095,0.9428571428571427,0.4095238095238095,0.5333333333333332,537
132,0.4095238095238095,0.7904761904761906,0.4095238095238095,0.38095238095238104,562
133,0.4095238095238095,0.9428571428571427,0.4095238095238095,0.5333333333333332,552
134,0.4666666666666667,0.7904761904761903,0.4095238095238095,0.32380952380952366,555
135,0.48571428571428565,0.8476190476190476,0.3904761904761904,0.36190476190476195,555
136,0.4285714285714285,0.7142857142857144,0.4095238095238095,0.2857142857142859,563
137,0.4666666666666667,0.8857142857142858,0.3904761904761904,0.4190476190476191,554
138,0.4666666666666667,0.8476190476190476,0.3904761904761904,0.38095238095238093,564
139,0.4095238095238095,0.9047619047619048,0.4095238095238095,0.49523809523809526,544
140,0.4095238095238095,0.9999999999999998,0.4095238095238095,0.5904761904761903,536
141,0.4095238095238095,0.7523809523809524,0.3904761904761904,0.34285714285714286,570
142,0.4754245086440078,0.8857142857142858,0.3904761904761904,0.410289777070278,541
143,0.4272902938498223,0.9999999999999998,0.4095238095238094,0.5727097061501775,539
144,0.4095238095238095,0.8285714285714285,0.4095238095238094,0.419047619047619,557
145,0.4095238095238095,0.8857142857142858,0.3904761904761904,0.4761904761904763,560
146,0.4095238095238095,0.9047619047619048,0.4095238095238095,0.49523809523809526,541
147,0.4095238095238095,0.8857142857142858,0.3904761904761904,0.4761904761904763,539
148,0.4666666666666667,0.7904761904761903,0.3904761904761904,0.32380952380952366,550
149,0.4666666666666667,0.8476190476190476,0.4285714285714285,0.38095238095238093,535
150,0.4666666666666666,0.9428571428571428,0.4095238095238095,0.4761904761904762,558
151,0.4285714285714285,0.8285714285714285,0.4095238095238095,0.4,551
152,0.4666666666666666,0.8857142857142858,0.48571428571428565,0.41904761904761917,545
153,0.4095238095238095,0.9047619047619048,0.4095238095238095,0.49523809523809526,557
154,0.4666666666666667,0.9428571428571427,0.4095238095238095,0.47619047619047605,563
155,0.4285714285714285,0.8857142857142856,0.4095238095238094,0.4571428571428571,556
156,0.4095238095238095,0.9428571428571427,0.4095238095238095,0.5333333333333332,539
157,0.4666666666666666,0.9428571428571427,0.4095238095238095,0.4761904761904761,550
158,0.4095238095238095,0.9047619047619048,0.3904761904761904,0.49523809523809526,558
159,0.4095238095238095,0.9428571428571428,0.4095238095238095,0.5333333333333333,552
160,0.4095238095238095,0.8857142857142858,0.4095238095238095,0.4761904761904763,554
161,0.4666666666666667,0.8095238095238096,0.4095238095238095,0.34285714285714297,565
162,0.4095238095238095,0.9428571428571427,0.4095238095238095,0.5333333333333332,556
163,0.4666666666666667,0.8857142857142858,0.3904761904761904,0.4190476190476191,547
164,0.4095238095238095,0.9999999999999998,0.4095238095238095,0.5904761904761903,538
165,0.4095238095238095,0.8857142857142856,0.4095238095238095,0.47619047619047605,553
166,0.4666666666666667,0.8476190476190475,0.3904761904761904,0.3809523809523808,560
167,0.4095238095238095,0.9428571428571428,0.3904761904761904,0.5333333333333333,531
168,0.4095238095238095,0.9999999999999998,0.4095238095238095,0.5904761904761903,576
169,0.3904761904761904,0.8476190476190475,0.3904761904761904,0.4571428571428571,555
170,0.4095238095238095,0.9428571428571428,0.3904761904761904,0.5333333333333333,564
171,0.5047619047619049,0.8476190476190476,0.4095238095238095,0.34285714285714275,579
172,0.4285714285714285,0.8285714285714286,0.4285714285714285,0.40000000000000013,559
173,0.4666666666666667,0.7904761904761906,0.4095238095238095,0.3238095238095239,553
174,0.4095238095238095,0.8857142857142858,0.37142857142857144,0.4761904761904763,541
175,0.4095238095238095,0.8285714285714285,0.3904761904761904,0.419047619047619,556
176,0.4095238095238095,0.8285714285714285,0.3904761904761904,0.419047619047619,548
177,0.4285714285714285,0.9047619047619048,0.4095238095238094,0.4761904761904763,554
178,0.4357837690233564,0.8857142857142856,0.4095238095238094,0.44993051669092915,551
179,0.4095238095238095,0.8476190476190476,0.4095238095238095,0.4380952380952381,534
180,0.4666666666666667,0.8476190476190476,0.4095238095238095,0.38095238095238093,544
181,0.4095238095238095,0.9047619047619048,0.42857142857142855,0.49523809523809526,554
182,0.4666666666666667,0.9999999999999998,0.4095238095238095,0.5333333333333331,562
183,0.4095238095238095,0.9047619047619045,0.4095238095238095,0.49523809523809503,556
184,0.4285714285714285,0.8857142857142856,0.4285714285714285,0.4571428571428571,559
185,0.4285714285714285,0.8857142857142856,0.3904761904761904,0.4571428571428571,552
186,0.4666666666666666,0.9047619047619048,0.3904761904761904,0.43809523809523815,553
187,0.37142857142857144,0.9428571428571427,0.3904761904761904,0.5714285714285713,544
188,0.4754245086440078,0.9999999999999998,0.4095238095238095,0.5245754913559919,557
189,0.4666666666666666,0.8476190476190478,0.4095238095238095,0.3809523809523812,547
190,0.41622098280059977,0.8857142857142858,0.3904761904761904,0.469493302913686,557
191,0.4095238095238095,0.8476190476190476,0.4095238095238095,0.4380952380952381,537
192,0.4095238095238095,0.8476190476190476,0.4095238095238095,0.4380952380952381,544
193,0.3904761904761904,0.9047619047619048,0.3904761904761904,0.5142857142857143,544
194,0.4476190476190475,0.8857142857142858,0.39047619047619053,0.43809523809523826,562
195,0.4666666666666667,0.9428571428571428,0.4095238095238095,0.47619047619047616,539
196,0.4095238095238095,0.7714285714285714,0.37142857142857144,0.36190476190476184,550
197,0.4095238095238095,0.8857142857142856,0.4095238095238094,0.47619047619047605,578
198,0.4095238095238095,0.9047619047619048,0.4095238095238095,0.49523809523809526,534
199,0.4095238095238095,0.8285714285714285,0.3904761904761904,0.419047619047619,543
200,0.4095238095238094,0.9428571428571428,0.4095238095238095,0.5333333333333334,562
201,0.4095238095238095,0.8476190476190476,0.3904761904761904,0.4380952380952381,559
202,0.4095238095238095,0.9428571428571428,0.4095238095238095,0.5333333333333333,542
203,0.4095238095238095,0.9428571428571428,0.3904761904761904,0.5333333333333333,554
204,0.4095238095238095,0.8857142857142858,0.3904761904761904,0.4761904761904763,557
205,0.4095238095238095,0.8857142857142858,0.4095238095238095,0.4761904761904763,566
206,0.3904761904761904,0.8857142857142856,0.4095238095238095,0.49523809523809514,534
207,0.4844331509926796,0.9047619047619048,0.42857142857142855,0.4203287537692252,563
208,0.37142857142857144,0.8476190476190478,0.35238095238095235,0.4761904761904764,552
209,0.4666666666666667,0.8857142857142856,0.4095238095238095,0.4190476190476189,546
210,0.3523809523809524,0.8476190476190476,0.4095238095238095,0.4952380952380952,531
211,0.44761904761904764,0.7904761904761906,0.3904761904761904,0.3428571428571429,524
212,0.4095238095238094,0.9428571428571427,0.4095238095238095,0.5333333333333333,560
213,0.4666666666666665,0.8857142857142858,0.4095238095238095,0.4190476190476193,542
214,0.3904761904761904,0.9047619047619048,0.3904761904761904,0.5142857142857143,549
215,0.5047619047619047,0.8857142857142856,0.4476190476190475,0.3809523809523808,511
216,0.4095238095238095,0.9428571428571428,0.4095238095238095,0.5333333333333333,540
217,0.4666666666666667,0.8476190476190476,0.3904761904761904,0.38095238095238093,550
218,0.4095238095238095,0.8285714285714285,0.4095238095238095,0.419047619047619,530
219,0.4095238095238095,0.8857142857142858,0.4095238095238095,0.4761904761904763,542
220,0.4095238095238095,0.8476190476190476,0.4095238095238095,0.4380952380952381,559
221,0.4095238095238095,0.9047619047619048,0.4095238095238095,0.49523809523809526,542
222,0.4666666666666667,0.9047619047619048,0.4095238095238095,0.4380952380952381,533
223,0.4095238095238095,0.8857142857142856,0.4095238095238095,0.47619047619047605,530
224,0.4095238095238095,0.7523809523809524,0.4095238095238095,0.34285714285714286,554
225,0.4666666666666667,0.8857142857142858,0.4095238095238095,0.4190476190476191,549
226,0.4095238095238095,0.9047619047619048,0.3904761904761904,0.49523809523809526,534
227,0.4666666666666667,0.8857142857142858,0.4666666666666667,0.4190476190476191,556
228,0.4666666666666667,0.9428571428571428,0.4095238095238095,0.47619047619047616,544
229,0.4095238095238095,0.9428571428571428,0.4285714285714284,0.5333333333333333,555
230,0.4666666666666667,0.9428571428571428,0.4095238095238095,0.47619047619047616,540
231,0.4095238095238095,0.9428571428571427,0.4095238095238094,0.5333333333333332,538
232,0.4095238095238095,0.9428571428571428,0.4095238095238095,0.5333333333333333,556
233,0.4095238095238095,0.9999999999999998,0.3904761904761904,0.5904761904761903,571
234,0.4095238095238095,0.9428571428571428,0.4095238095238095,0.5333333333333333,547
235,0.4095238095238095,0.8857142857142856,0.4095238095238095,0.47619047619047605,551
236,0.4095238095238095,0.8476190476190478,0.3904761904761904,0.4380952380952383,555
237,0.3523809523809523,0.8857142857142856,0.4095238095238094,0.5333333333333332,564
238,0.4749093414688701,0.9428571428571427,0.4666666666666667,0.46794780138827263,563
239,0.4095238095238095,0.8857142857142858,0.4095238095238095,0.4761904761904763,572
240,0.4476190476190475,0.8857142857142858,0.4095238095238095,0.43809523809523826,567
241,0.4476190476190475,0.9047619047619048,0.4095238095238095,0.45714285714285724,539
242,0.4095238095238095,0.9428571428571428,0.4095238095238095,0.5333333333333333,535
243,0.4357837690233564,0.8857142857142858,0.44761904761904747,0.44993051669092937,552
244,0.4095238095238095,0.8857142857142858,0.4095238095238095,0.4761904761904763,547
245,0.4095238095238095,0.8857142857142858,0.4095238095238095,0.4761904761904763,556
246,0.41776648432601293,0.8857142857142858,0.4095238095238095,0.46794780138827285,538
247,0.4095238095238095,0.8095238095238095,0.3904761904761904,0.4,568
248,0.4095238095238095,0.9047619047619048,0.4095238095238095,0.49523809523809526,546
249,0.4095238095238095,0.8095238095238095,0.4095238095238095,0.4,554
250,0.4095238095238095,0.8857142857142858,0.3904761904761904,0.4761904761904763,573
251,0.4285714285714285,0.8095238095238095,0.4095238095238095,0.38095238095238104,558
252,0.4754245086440077,0.8857142857142858,0.4095238095238095,0.4102897770702781,558
253,0.3904761904761904,0.8857142857142858,0.3904761904761904,0.49523809523809537,544
254,0.4095238095238095,0.9999999999999998,0.4285714285714285,0.5904761904761903,554
255,0.4095238095238095,0.8857142857142856,0.4095238095238095,0.47619047619047605,551
256,0.4666666666666666,0.9428571428571428,0.4095238095238095,0.4761904761904762,558
257,0.4666666666666667,0.9428571428571428,0.3904761904761904,0.47619047619047616,551
258,0.4666666666666667,0.8857142857142858,0.4095238095238095,0.4190476190476191,549
259,0.4666666666666667,0.9047619047619048,0.4095238095238095,0.4380952380952381,527
260,0.4095238095238095,0.9999999999999998,0.37142857142857144,0.5904761904761903,542
261,0.4095238095238095,0.8476190476190476,0.3904761904761904,0.4380952380952381,536
262,0.4666666666666667,0.8857142857142856,0.3904761904761904,0.4190476190476189,550
263,0.42677512667468465,0.7714285714285714,0.44761904761904764,0.3446534447538867,547
264,0.4666666666666667,0.8476190476190476,0.4095238095238095,0.38095238095238093,538
265,0.4095238095238095,0.8857142857142858,0.4095238095238095,0.4761904761904763,544
266,0.37142857142857144,0.9999999999999998,0.37142857142857144,0.6285714285714283,555
267,0.4666666666666667,0.8857142857142856,0.4095238095238095,0.4190476190476189,572
268,0.4285714285714285,0.8285714285714285,0.44761904761904764,0.4,558
269,0.4285714285714284,0.9428571428571428,0.4095238095238094,0.5142857142857145,569
270,0.4666666666666667,0.8476190476190476,0.4095238095238095,0.38095238095238093,563
271,0.4666666666666667,0.8476190476190476,0.4095238095238095,0.38095238095238093,550
272,0.4095238095238095,0.9047619047619045,0.3904761904761904,0.49523809523809503,545
273,0.4095238095238095,0.8476190476190476,0.3904761904761904,0.4380952380952381,571
274,0.4476190476190475,0.8857142857142856,0.4476190476190475,0.43809523809523804,567
275,0.4285714285714285,0.9428571428571428,0.4285714285714285,0.5142857142857143,555
276,0.4095238095238095,0.9999999999999998,0.4095238095238095,0.5904761904761903,550
277,0.5047619047619047,0.8857142857142856,0.4095238095238095,0.3809523809523808,539
278,0.4666666666666667,0.8095238095238095,0.4095238095238095,0.34285714285714286,558
279,0.4666666666666667,0.8857142857142858,0.4666666666666667,0.4190476190476191,578
280,0.4666666666666667,0.9047619047619048,0.4095238095238095,0.4380952380952381,545
281,0.4285714285714285,0.9428571428571427,0.4285714285714285,0.5142857142857142,553
282,0.4095238095238095,0.8285714285714285,0.4095238095238095,0.419047619047619,544
283,0.4095238095238095,0.8857142857142858,0.3904761904761904,0.4761904761904763,537
284,0.4285714285714285,0.9428571428571427,0.4095238095238095,0.5142857142857142,541
285,0.4285714285714285,0.9999999999999998,0.4095238095238095,0.5714285714285713,543
286,0.4095238095238095,0.8857142857142858,0.3904761904761904,0.4761904761904763,551
287,0.4095238095238095,0.7904761904761903,0.3904761904761904,0.3809523809523808,573
288,0.4095238095238095,0.8285714285714286,0.3904761904761904,0.4190476190476191,546
289,0.4666666666666667,0.8476190476190476,0.4095238095238095,0.38095238095238093,541
290,0.4095238095238095,0.9999999999999998,0.37142857142857144,0.5904761904761903,538
291,0.4095238095238095,0.8857142857142858,0.4095238095238095,0.4761904761904763,565
292,0.5047619047619047,0.9047619047619048,0.4095238095238095,0.4,559
293,0.4285714285714284,0.8857142857142856,0.3904761904761904,0.4571428571428572,543
294,0.48571428571428577,0.8857142857142858,0.3904761904761904,0.4,558
295,0.48571428571428565,0.8285714285714285,0.3904761904761904,0.34285714285714286,571
296,0.4476190476190475,0.8857142857142856,0.4095238095238095,0.43809523809523804,570
297,0.37142857142857144,0.8857142857142856,0.3333333333333333,0.5142857142857141,547
298,0.4666666666666667,0.8476190476190475,0.3904761904761904,0.3809523809523808,552
299,0.4857142857142856,0.8857142857142858,0.3904761904761904,0.4000000000000002,567
300,0.4095238095238095,0.9047619047619048,0.35238095238095235,0.49523809523809526,554
301,0.4095238095238095,0.9047619047619048,0.4095238095238095,0.49523809523809526,549
302,0.4666666666666666,0.9428571428571427,0.4095238095238095,0.4761904761904761,569
303,0.4095238095238095,0.8476190476190476,0.4095238095238095,0.4380952380952381,539
304,0.4285714285714285,0.9428571428571428,0.4285714285714285,0.5142857142857143,543
305,0.4666666666666665,0.8857142857142856,0.4095238095238094,0.41904761904761906,535
306,0.4095238095238095,0.8857142857142858,0.3904761904761904,0.4761904761904763,545
307,0.37142857142857144,0.9047619047619048,0.37142857142857144,0.5333333333333333,534
308,0.4095238095238095,0.9428571428571428,0.4095238095238095,0.5333333333333333,551
309,0.4095238095238095,0.8476190476190476,0.3904761904761904,0.4380952380952381,543
310,0.4095238095238095,0.9428571428571428,0.4095238095238095,0.5333333333333333,564
311,0.4095238095238095,0.9428571428571427,0.35238095238095235,0.5333333333333332,555
312,0.4095238095238094,0.9999999999999998,0.4095238095238095,0.5904761904761904,557
313,0.4095238095238095,0.9428571428571427,0.4095238095238095,0.5333333333333332,563
314,0.4095238095238095,0.9047619047619048,0.4095238095238095,0.49523809523809526,557
315,0.4095238095238095,0.9428571428571427,0.4095238095238095,0.5333333333333332,554
316,0.4285714285714285,0.8476190476190475,0.4285714285714285,0.419047619047619,560
317,0.4285714285714285,0.8476190476190476,0.4666666666666667,0.4190476190476191,543
318,0.4666666666666667,0.8857142857142858,0.4095238095238094,0.4190476190476191,547
319,0.4666666666666667,0.8857142857142856,0.4095238095238095,0.4190476190476189,549
320,0.4666666666666667,0.8857142857142858,0.4666666666666667,0.4190476190476191,561
321,0.4666666666666665,0.9428571428571427,0.4095238095238094,0.4761904761904762,563
322,0.37142857142857144,0.8285714285714286,0.3904761904761904,0.4571428571428572,560
323,0.4095238095238094,0.9047619047619048,0.4095238095238094,0.49523809523809537,538
324,0.4095238095238094,0.9428571428571427,0.3904761904761904,0.5333333333333333,544
325,0.4095238095238095,0.9428571428571428,0.4095238095238095,0.5333333333333333,554
326,0.4095238095238095,0.9428571428571428,0.4095238095238095,0.5333333333333333,545
327,0.4666666666666667,0.9428571428571428,0.3904761904761904,0.47619047619047616,531
328,0.4095238095238095,0.9428571428571428,0.37142857142857144,0.5333333333333333,538
329,0.4095238095238095,0.9047619047619045,0.4095238095238095,0.49523809523809503,553
330,0.4476190476190475,0.8476190476190478,0.4476190476190475,0.4000000000000003,571
331,0.4095238095238095,0.9428571428571428,0.37142857142857144,0.5333333333333333,537
332,0.4095238095238095,0.8857142857142858,0.3904761904761904,0.4761904761904763,543
333,0.4285714285714285,0.9428571428571427,0.4285714285714285,0.5142857142857142,553
334,0.4095238095238095,0.8857142857142858,0.4095238095238095,0.4761904761904763,560
335,0.48571428571428565,0.8857142857142858,0.44761904761904764,0.40000000000000013,549
336,0.4095238095238095,0.8857142857142858,0.4095238095238095,0.4761904761904763,564
337,0.3904761904761904,0.8476190476190476,0.3904761904761904,0.4571428571428572,554
338,0.4095238095238095,0.8095238095238095,0.4095238095238095,0.4,552
339,0.4095238095238095,0.9047619047619048,0.3904761904761904,0.49523809523809526,542
340,0.4666666666666666,0.9999999999999998,0.4666666666666666,0.5333333333333332,557
341,0.4095238095238095,0.9047619047619048,0.4095238095238095,0.49523809523809526,558
342,0.4095238095238095,0.9428571428571427,0.4095238095238095,0.5333333333333332,539
343,0.4095238095238095,0.9428571428571428,0.4095238095238095,0.5333333333333333,546
344,0.3904761904761904,0.8857142857142858,0.3904761904761904,0.49523809523809537,571
345,0.4095238095238095,0.8857142857142856,0.4095238095238095,0.47619047619047605,555
346,0.44761904761904764,0.8476190476190476,0.3904761904761904,0.39999999999999997,541
347,0.4095238095238094,0.8857142857142856,0.3904761904761904,0.47619047619047616,563
348,0.4095238095238095,0.8476190476190476,0.4095238095238095,0.4380952380952381,543
349,0.4095238095238094,0.9428571428571428,0.4095238095238094,0.5333333333333334,554
350,0.4666666666666667,0.9428571428571428,0.4095238095238095,0.47619047619047616,547
351,0.4095238095238095,0.9999999999999998,0.3904761904761904,0.5904761904761903,557
352,0.4095238095238095,0.9047619047619045,0.4095238095238095,0.49523809523809503,562
353,0.4476190476190475,0.8857142857142858,0.4285714285714285,0.43809523809523826,546
354,0.4666666666666667,0.9428571428571427,0.4095238095238095,0.47619047619047605,542
355,0.4095238095238095,0.9428571428571428,0.37142857142857144,0.5333333333333333,569
356,0.4666666666666667,0.8476190476190476,0.4095238095238095,0.38095238095238093,556
357,0.4666666666666667,0.9999999999999998,0.4095238095238095,0.5333333333333331,557
358,0.4666666666666667,0.9047619047619048,0.4095238095238095,0.4380952380952381,543
359,0.4857142857142856,0.9047619047619048,0.4095238095238095,0.41904761904761917,557
360,0.4095238095238095,0.8857142857142858,0.4095238095238095,0.4761904761904763,547
361,0.37142857142857144,0.9428571428571428,0.3904761904761904,0.5714285714285714,544
362,0.3876495542291712,0.8285714285714285,0.4095238095238095,0.4409218743422573,533
363,0.4666666666666667,0.8476190476190476,0.4095238095238095,0.38095238095238093,545
364,0.4666666666666666,0.9047619047619048,0.4095238095238094,0.43809523809523815,575
365,0.4285714285714285,0.9428571428571428,0.4095238095238095,0.5142857142857143,563
366,0.48571428571428565,0.9047619047619045,0.4095238095238095,0.4190476190476189,546
367,0.4285714285714285,0.8095238095238095,0.4285714285714285,0.38095238095238104,546
368,0.35238095238095235,0.8857142857142858,0.37142857142857144,0.5333333333333334,556
369,0.4095238095238095,0.8857142857142858,0.3904761904761904,0.4761904761904763,554
370,0.4285714285714285,0.8857142857142858,0.3904761904761904,0.4571428571428573,537
371,0.4326927659725302,0.9999999999999998,0.4095238095238094,0.5673072340274696,549
372,0.4095238095238095,0.8857142857142858,0.4095238095238095,0.4761904761904763,542
373,0.4095238095238095,0.9428571428571427,0.4095238095238094,0.5333333333333332,546
374,0.4095238095238095,0.8476190476190476,0.4095238095238095,0.4380952380952381,546
375,0.4095238095238095,0.8476190476190475,0.4095238095238095,0.438095238095238,538
376,0.464355197594785,0.9047619047619048,0.4476190476190475,0.44040670716711977,559
377,0.4666666666666667,0.9428571428571428,0.4095238095238095,0.47619047619047616,538
378,0.4095238095238095,0.8476190476190476,0.4095238095238095,0.4380952380952381,560
379,0.4095238095238095,0.9428571428571428,0.4095238095238095,0.5333333333333333,565
380,0.4285714285714285,0.9047619047619048,0.4095238095238095,0.4761904761904763,545
381,0.4095238095238095,0.7904761904761903,0.3904761904761904,0.3809523809523808,537
382,0.4666666666666667,0.8095238095238095,0.4666666666666667,0.34285714285714286,560
383,0.4095238095238095,0.9428571428571428,0.4095238095238095,0.5333333333333333,539
384,0.4373292705487697,0.9999999999999998,0.4095238095238094,0.5626707294512301,559
385,0.4095238095238095,0.9047619047619045,0.3904761904761904,0.49523809523809503,562
386,0.4285714285714285,0.9047619047619048,0.4095238095238095,0.4761904761904763,544
387,0.4095238095238095,0.8476190476190476,0.42857142857142855,0.4380952380952381,551
388,0.4095238095238095,0.8857142857142858,0.4095238095238095,0.4761904761904763,557
389,0.4095238095238095,0.9428571428571428,0.3523809523809524,0.5333333333333333,543
390,0.3523809523809524,0.9047619047619048,0.3523809523809524,0.5523809523809524,555
391,0.4095238095238094,0.8857142857142858,0.4095238095238094,0.4761904761904764,543
392,0.4476190476190475,0.9047619047619048,0.4476190476190475,0.45714285714285724,567
393,0.4095238095238095,0.7904761904761906,0.4095238095238095,0.38095238095238104,559
394,0.4666666666666666,0.8857142857142856,0.3904761904761904,0.41904761904761895,549
395,0.3523809523809524,0.9428571428571428,0.37142857142857144,0.5904761904761904,548
396,0.4095238095238095,0.8285714285714285,0.4095238095238095,0.419047619047619,552
397,0.4095238095238095,0.9047619047619048,0.4095238095238095,0.49523809523809526,548
398,0.44761904761904764,0.8857142857142858,0.35238095238095235,0.43809523809523815,533
399,0.4095238095238095,0.9047619047619048,0.4095238095238094,0.49523809523809526,544
400,0.4476190476190475,0.8857142857142856,0.4285714285714285,0.43809523809523804,560
401,0.5047619047619046,0.9047619047619048,0.4285714285714285,0.40000000000000013,570
402,0.4095238095238095,0.9428571428571428,0.4095238095238095,0.5333333333333333,571
403,0.4095238095238094,0.9428571428571428,0.4095238095238094,0.5333333333333334,547
404,0.4666666666666666,0.8857142857142858,0.4095238095238095,0.41904761904761917,571
405,0.4095238095238095,0.8857142857142856,0.4095238095238095,0.47619047619047605,570
406,0.4095238095238095,0.9428571428571427,0.3904761904761904,0.5333333333333332,558
407,0.4095238095238095,0.9999999999999998,0.4095238095238095,0.5904761904761903,555
408,0.48571428571428577,0.8857142857142856,0.48571428571428577,0.3999999999999998,523
409,0.4095238095238095,0.9428571428571428,0.4095238095238095,0.5333333333333333,541
410,0.4666666666666667,0.9428571428571428,0.35238095238095235,0.47619047619047616,559
411,0.4095238095238095,0.8857142857142856,0.37142857142857144,0.47619047619047605,550
412,0.4666666666666665,0.9999999999999998,0.4285714285714285,0.5333333333333332,545
413,0.4666666666666667,0.8857142857142858,0.4666666666666667,0.4190476190476191,575
414,0.4272902938498223,0.9428571428571427,0.4095238095238094,0.5155668490073204,576
415,0.4095238095238095,0.8476190476190476,0.4095238095238095,0.4380952380952381,550
416,0.3904761904761904,0.9047619047619048,0.4095238095238095,0.5142857142857143,543
417,0.4095238095238095,0.9428571428571428,0.4095238095238095,0.5333333333333333,552
418,0.48571428571428565,0.8857142857142856,0.4095238095238095,0.3999999999999999,559
419,0.4285714285714284,0.9428571428571428,0.4285714285714285,0.5142857142857145,572
420,0.4095238095238095,0.9999999999999998,0.4095238095238095,0.5904761904761903,554
421,0.4095238095238095,0.9047619047619048,0.4095238095238095,0.49523809523809526,547
422,0.5047619047619047,0.9047619047619048,0.4476190476190475,0.4,526
423,0.37142857142857144,0.9428571428571428,0.37142857142857144,0.5714285714285714,556
424,0.4095238095238095,0.9047619047619048,0.37142857142857144,0.49523809523809526,552
425,0.4666666666666667,0.9047619047619048,0.4095238095238095,0.4380952380952381,569
426,0.4095238095238095,0.9428571428571428,0.4095238095238095,0.5333333333333333,540
427,0.4666666666666665,0.8857142857142856,0.4285714285714284,0.41904761904761906,545
428,0.4095238095238094,0.9047619047619045,0.4095238095238094,0.49523809523809514,543
429,0.4095238095238095,0.9428571428571428,0.4095238095238095,0.5333333333333333,542
430,0.4666666666666667,0.8857142857142858,0.3904761904761904,0.4190476190476191,551
431,0.37142857142857144,0.9428571428571427,0.37142857142857144,0.5714285714285713,529
432,0.44761904761904764,0.9047619047619048,0.4095238095238095,0.45714285714285713,537
433,0.4095238095238095,0.9999999999999998,0.4095238095238095,0.5904761904761903,565
434,0.3904761904761904,0.8857142857142856,0.3523809523809524,0.49523809523809514,554
435,0.4095238095238095,0.9428571428571427,0.4095238095238095,0.5333333333333332,551
436,0.4666666666666667,0.8476190476190476,0.4095238095238095,0.38095238095238093,556
437,0.4095238095238094,0.9428571428571427,0.4095238095238095,0.5333333333333333,541
438,0.48571428571428565,0.8476190476190476,0.4285714285714285,0.36190476190476195,547
439,0.4095238095238095,0.9428571428571428,0.4095238095238095,0.5333333333333333,567
440,0.4095238095238095,0.9428571428571428,0.3904761904761904,0.5333333333333333,544
441,0.4095238095238095,0.7523809523809524,0.4095238095238095,0.34285714285714286,550
442,0.48571428571428565,0.8285714285714285,0.4285714285714285,0.34285714285714286,547
443,0.4095238095238095,0.9999999999999998,0.3904761904761904,0.5904761904761903,570
444,0.4095238095238095,0.8476190476190476,0.3904761904761904,0.4380952380952381,543
445,0.4095238095238095,0.7333333333333334,0.4095238095238095,0.3238095238095239,547
446,0.3904761904761904,0.8857142857142856,0.4095238095238094,0.49523809523809514,556
447,0.4095238095238095,0.9999999999999998,0.4095238095238095,0.5904761904761903,524
448,0.4362989361984942,0.8857142857142858,0.3904761904761904,0.4494153495157916,552
449,0.4285714285714285,0.8476190476190476,0.4095238095238094,0.4190476190476191,561
450,0.4095238095238095,0.8857142857142858,0.4095238095238095,0.4761904761904763,569
451,0.4095238095238095,0.9999999999999998,0.4095238095238095,0.5904761904761903,560
452,0.4095238095238094,0.8857142857142856,0.3904761904761904,0.47619047619047616,552
453,0.4285714285714285,0.8857142857142856,0.4285714285714285,0.4571428571428571,535
454,0.4666666666666667,0.7714285714285716,0.4095238095238095,0.3047619047619049,543
455,0.4666666666666666,0.9047619047619048,0.4095238095238095,0.43809523809523815,542
456,0.4095238095238095,0.8857142857142856,0.37142857142857144,0.47619047619047605,568
457,0.4095238095238095,0.9428571428571427,0.4095238095238095,0.5333333333333332,569
458,0.4095238095238095,0.9999999999999998,0.4095238095238095,0.5904761904761903,542
459,0.4095238095238095,0.9428571428571428,0.4095238095238094,0.5333333333333333,541
460,0.4666666666666667,0.9999999999999998,0.35238095238095235,0.5333333333333331,552
461,0.4857142857142856,0.8857142857142856,0.4095238095238094,0.39999999999999997,569
462,0.4666666666666667,0.8857142857142856,0.4095238095238095,0.4190476190476189,531
463,0.4666666666666667,0.9428571428571427,0.4095238095238095,0.47619047619047605,566
464,0.3904761904761904,0.8095238095238095,0.3904761904761904,0.4190476190476191,569
465,0.4095238095238095,0.9428571428571427,0.3904761904761904,0.5333333333333332,549
466,0.4095238095238095,0.8857142857142858,0.4095238095238095,0.4761904761904763,552
467,0.48571428571428565,0.9047619047619048,0.4095238095238095,0.4190476190476191,536
468,0.3871343870540335,0.9428571428571428,0.4095238095238095,0.5557227558031093,537
469,0.4095238095238094,0.9428571428571428,0.4095238095238094,0.5333333333333334,545
470,0.4666666666666667,0.8857142857142856,0.3904761904761904,0.4190476190476189,532
471,0.4666666666666666,0.9047619047619045,0.3904761904761904,0.4380952380952379,557
472,0.48571428571428565,0.7904761904761906,0.4666666666666667,0.3047619047619049,543
473,0.4095238095238095,0.9999999999999998,0.4095238095238094,0.5904761904761903,568
474,0.4095238095238095,0.7714285714285716,0.4095238095238095,0.36190476190476206,540
475,0.4095238095238095,0.9428571428571427,0.4095238095238095,0.5333333333333332,542
476,0.4095238095238095,0.8857142857142858,0.4095238095238094,0.4761904761904763,540
477,0.4095238095238095,0.7714285714285714,0.4095238095238095,0.36190476190476184,534
478,0.4666666666666667,0.9047619047619048,0.4666666666666667,0.4380952380952381,552
479,0.48571428571428565,0.8857142857142856,0.4666666666666667,0.3999999999999999,544
480,0.4666666666666665,0.8857142857142858,0.4095238095238094,0.4190476190476193,534
481,0.4095238095238095,0.9428571428571428,0.4476190476190475,0.5333333333333333,545
482,0.4095238095238095,0.8857142857142856,0.4095238095238095,0.47619047619047605,547
483,0.48571428571428565,0.9047619047619045,0.4095238095238095,0.4190476190476189,527
484,0.4666666666666667,0.8857142857142856,0.4095238095238095,0.4190476190476189,514
485,0.3904761904761904,0.9428571428571428,0.37142857142857144,0.5523809523809524,560
486,0.37142857142857144,0.8857142857142856,0.4095238095238095,0.5142857142857141,530
487,0.4095238095238095,0.9428571428571427,0.4095238095238095,0.5333333333333332,531
488,0.4095238095238095,0.9428571428571427,0.4095238095238095,0.5333333333333332,549
489,0.4095238095238095,0.8857142857142856,0.4095238095238095,0.47619047619047605,566
490,0.5047619047619047,0.8476190476190476,0.4095238095238095,0.34285714285714286,568
491,0.4095238095238095,0.9047619047619048,0.4095238095238095,0.49523809523809526,565
492,0.4095238095238095,0.8285714285714285,0.42857142857142855,0.419047619047619,555
493,0.4095238095238095,0.9999999999999998,0.4095238095238095,0.5904761904761903,565
494,0.4666666666666667,0.9428571428571428,0.4095238095238095,0.47619047619047616,562
495,0.4844331509926796,0.9047619047619048,0.3904761904761904,0.4203287537692252,543
496,0.4666666666666666,0.9428571428571428,0.4095238095238095,0.4761904761904762,545
497,0.44761904761904764,0.8476190476190476,0.3904761904761904,0.39999999999999997,549
498,0.4839179838175418,0.8476190476190476,0.37142857142857144,0.3637010638015058,544
499,0.4666666666666667,0.9428571428571428,0.4095238095238095,0.47619047619047616,551
500,0.4285714285714285,0.8285714285714286,0.44761904761904764,0.40000000000000013,551
501,0.4095238095238095,0.8857142857142858,0.3904761904761904,0.4761904761904763,524
502,0.4666666666666667,0.8857142857142856,0.4095238095238094,0.4190476190476189,547
503,0.4095238095238095,0.7714285714285714,0.4095238095238095,0.36190476190476184,543
504,0.4095238095238095,0.9999999999999998,0.3904761904761904,0.5904761904761903,534
505,0.4095238095238095,0.9047619047619048,0.4095238095238095,0.49523809523809526,545
506,0.4666666666666667,0.8476190476190476,0.4095238095238095,0.38095238095238093,554
507,0.4666666666666667,0.9999999999999998,0.4095238095238095,0.5333333333333331,550
508,0.4666666666666667,0.9999999999999998,0.4095238095238095,0.5333333333333331,565
509,0.4666666666666667,0.8857142857142858,0.4095238095238095,0.4190476190476191,561
510,0.4666666666666665,0.8285714285714285,0.3904761904761904,0.361904761904762,545
511,0.4754245086440077,0.8857142857142856,0.3904761904761904,0.41028977707027786,555
512,0.4666666666666667,0.9047619047619048,0.4095238095238095,0.4380952380952381,558
513,0.4095238095238095,0.9999999999999998,0.4095238095238095,0.5904761904761903,545
514,0.4666666666666667,0.9047619047619048,0.3904761904761904,0.4380952380952381,546
515,0.4476190476190475,0.8857142857142858,0.4095238095238095,0.43809523809523826,547
516,0.4095238095238095,0.9428571428571427,0.3904761904761904,0.5333333333333332,542
517,0.4095238095238095,0.9999999999999998,0.4095238095238095,0.5904761904761903,569
518,0.4095238095238094,0.9428571428571427,0.3904761904761904,0.5333333333333333,539
519,0.44633791289744146,0.9047619047619045,0.37142857142857144,0.4584239918644631,540
520,0.4095238095238095,0.8857142857142856,0.4095238095238094,0.47619047619047605,531
521,0.48571428571428565,0.9428571428571427,0.48571428571428565,0.4571428571428571,555
522,0.37142857142857144,0.9047619047619048,0.3714285714285714,0.5333333333333333,539
523,0.48571428571428577,0.9047619047619048,0.4285714285714285,0.419047619047619,583
524,0.4095238095238095,0.9428571428571427,0.4095238095238095,0.5333333333333332,577
525,0.42857142857142855,0.8476190476190476,0.4285714285714285,0.41904761904761906,563
526,0.4095238095238095,0.8857142857142858,0.35238095238095235,0.4761904761904763,546
527,0.4666666666666666,0.9047619047619048,0.3904761904761904,0.43809523809523815,565
528,0.4666666666666667,0.8857142857142856,0.4095238095238095,0.4190476190476189,555
529,0.4285714285714285,0.9999999999999998,0.4095238095238095,0.5714285714285713,553
530,0.5047619047619047,0.8285714285714286,0.37142857142857144,0.3238095238095239,556
531,0.4095238095238095,0.8857142857142856,0.4095238095238095,0.47619047619047605,539
532,0.4476190476190475,0.8857142857142858,0.4476190476190475,0.43809523809523826,535
533,0.4095238095238095,0.9428571428571427,0.3904761904761904,0.5333333333333332,559
534,0.4666666666666666,0.7904761904761906,0.4095238095238095,0.32380952380952394,532
535,0.4095238095238095,0.9428571428571428,0.4095238095238095,0.5333333333333333,547
536,0.4095238095238095,0.9428571428571427,0.4095238095238095,0.5333333333333332,560
537,0.48571428571428577,0.9428571428571428,0.4095238095238095,0.4571428571428571,563
538,0.4095238095238095,0.9047619047619048,0.4095238095238095,0.49523809523809526,564
539,0.4095238095238095,0.9047619047619048,0.4095238095238095,0.49523809523809526,566
540,0.4095238095238094,0.7714285714285714,0.3904761904761904,0.36190476190476195,552
541,0.41622098280059977,0.8857142857142858,0.4095238095238095,0.469493302913686,586
542,0.4095238095238095,0.8857142857142856,0.4285714285714285,0.47619047619047605,556
543,0.4095238095238095,0.8476190476190476,0.4095238095238095,0.4380952380952381,571
544,0.4095238095238095,0.8857142857142858,0.4095238095238095,0.4761904761904763,553
545,0.4666666666666667,0.8857142857142858,0.4095238095238095,0.4190476190476191,553
546,0.4095238095238095,0.8857142857142858,0.4095238095238095,0.4761904761904763,572
547,0.4095238095238095,0.8857142857142858,0.4095238095238095,0.4761904761904763,560
548,0.4285714285714285,0.9999999999999998,0.4095238095238095,0.5714285714285713,549
549,0.4666666666666667,0.8857142857142858,0.4095238095238095,0.4190476190476191,539
550,0.4666666666666666,0.9428571428571428,0.3904761904761904,0.4761904761904762,551
551,0.4095238095238095,0.9428571428571428,0.4095238095238095,0.5333333333333333,538
552,0.44761904761904764,0.9999999999999998,0.4095238095238095,0.5523809523809522,560
553,0.4095238095238095,0.9047619047619048,0.3904761904761904,0.49523809523809526,545
554,0.4095238095238095,0.8285714285714285,0.4095238095238095,0.419047619047619,564
555,0.4666666666666666,0.9999999999999998,0.4095238095238095,0.5333333333333332,567
556,0.4095238095238095,0.8476190476190476,0.4095238095238095,0.4380952380952381,553
557,0.4095238095238095,0.8857142857142858,0.35238095238095235,0.4761904761904763,549
558,0.4666666666666667,0.9428571428571427,0.4095238095238095,0.47619047619047605,566
559,0.4666666666666666,0.8857142857142858,0.3904761904761904,0.41904761904761917,557
560,0.4666666666666667,0.9428571428571428,0.4095238095238095,0.47619047619047616,542
561,0.4285714285714285,0.8857142857142858,0.4095238095238095,0.4571428571428573,563
562,0.4666666666666667,0.9999999999999998,0.4095238095238095,0.5333333333333331,555
563,0.4095238095238095,0.7714285714285714,0.4095238095238095,0.36190476190476184,563
564,0.4095238095238095,0.8476190476190476,0.3904761904761904,0.4380952380952381,538
565,0.4666666666666667,0.8857142857142856,0.37142857142857144,0.4190476190476189,540
566,0.4095238095238094,0.9999999999999998,0.4095238095238094,0.5904761904761904,552
567,0.47336383994345693,0.8476190476190476,0.4095238095238095,0.3742552076755907,568
568,0.4666666666666667,0.8476190476190476,0.4095238095238095,0.38095238095238093,551
569,0.37142857142857144,0.8857142857142856,0.35238095238095235,0.5142857142857141,558
570,0.4095238095238095,0.9428571428571427,0.4095238095238095,0.5333333333333332,550
571,0.4285714285714285,0.8476190476190476,0.4095238095238095,0.4190476190476191,553
572,0.5238095238095238,0.9428571428571427,0.3904761904761904,0.4190476190476189,570
573,0.4095238095238095,0.8285714285714286,0.3904761904761904,0.4190476190476191,538
574,0.4095238095238095,0.9047619047619048,0.4095238095238095,0.49523809523809526,533
575,0.4095238095238095,0.9428571428571428,0.4095238095238095,0.5333333333333333,570
576,0.3904761904761904,0.9047619047619048,0.35238095238095235,0.5142857142857143,562
577,0.4095238095238095,0.9047619047619048,0.4095238095238095,0.49523809523809526,567
578,0.4095238095238095,0.9047619047619045,0.4095238095238095,0.49523809523809503,540
579,0.48571428571428577,0.8095238095238095,0.4095238095238095,0.32380952380952377,554
580,0.4666666666666667,0.9047619047619048,0.3904761904761904,0.4380952380952381,566
581,0.4666666666666666,0.8857142857142858,0.4095238095238095,0.41904761904761917,585
582,0.4095238095238095,0.9428571428571427,0.3904761904761904,0.5333333333333332,562
583,0.4095238095238095,0.8857142857142856,0.4095238095238095,0.47619047619047605,543
584,0.4095238095238095,0.8476190476190476,0.4095238095238095,0.4380952380952381,561
585,0.4666666666666667,0.8476190476190476,0.4666666666666667,0.38095238095238093,548
586,0.4095238095238095,0.8857142857142858,0.4095238095238095,0.4761904761904763,549
587,0.4095238095238095,0.9428571428571428,0.4095238095238095,0.5333333333333333,553
588,0.37142857142857144,0.9999999999999998,0.35238095238095235,0.6285714285714283,559
589,0.4666666666666667,0.8476190476190476,0.4666666666666667,0.38095238095238093,560
590,0.4095238095238095,0.9428571428571428,0.4095238095238095,0.5333333333333333,534
591,0.4095238095238095,0.9047619047619048,0.3904761904761904,0.49523809523809526,559
592,0.4666666666666667,0.8857142857142856,0.4666666666666667,0.4190476190476189,566
593,0.4095238095238095,0.8285714285714285,0.3904761904761904,0.419047619047619,539
594,0.3523809523809523,0.8857142857142858,0.3904761904761904,0.5333333333333334,527
595,0.4285714285714285,0.8285714285714286,0.4095238095238095,0.40000000000000013,548
596,0.4666666666666666,0.9999999999999998,0.4095238095238095,0.5333333333333332,549
597,0.4095238095238095,0.9047619047619048,0.4095238095238095,0.49523809523809526,550
598,0.3904761904761904,0.8285714285714285,0.3904761904761904,0.4380952380952381,559
599,0.4666666666666667,0.8857142857142858,0.4095238095238095,0.4190476190476191,550
600,0.4095238095238095,0.9047619047619048,0.3904761904761904,0.49523809523809526,548
601,0.4666666666666665,0.9047619047619048,0.4095238095238094,0.43809523809523826,533
602,0.4285714285714284,0.9428571428571428,0.4095238095238094,0.5142857142857145,572
603,0.4666666666666666,0.8285714285714285,0.3904761904761904,0.3619047619047619,540
604,0.40669717327679017,0.9428571428571427,0.3904761904761904,0.5361599695803525,547
605,0.4095238095238095,0.9428571428571427,0.4095238095238095,0.5333333333333332,542
606,0.4095238095238095,0.9428571428571428,0.37142857142857144,0.5333333333333333,548
607,0.4666666666666667,0.9428571428571428,0.4095238095238095,0.47619047619047616,556
608,0.4095238095238095,0.8857142857142858,0.3904761904761904,0.4761904761904763,546
609,0.4839179838175418,0.8857142857142858,0.4095238095238095,0.401796301896744,553
610,0.4666666666666667,0.9428571428571427,0.4095238095238095,0.47619047619047605,542
611,0.3886798885794466,0.9428571428571428,0.4095238095238095,0.5541772542776963,540
612,0.4666666666666666,0.9047619047619048,0.4095238095238095,0.43809523809523815,546
613,0.4285714285714285,0.8285714285714285,0.4285714285714285,0.4,550
614,0.4666666666666667,0.9428571428571428,0.4095238095238095,0.47619047619047616,532
615,0.42857142857142855,0.9047619047619048,0.3523809523809524,0.4761904761904762,538
616,0.4666666666666665,0.8857142857142856,0.4095238095238095,0.41904761904761906,560
617,0.4095238095238095,0.9428571428571428,0.4095238095238095,0.5333333333333333,567
618,0.4285714285714285,0.8857142857142858,0.3714285714285714,0.4571428571428573,536
619,0.4262599594995469,0.8476190476190476,0.4095238095238095,0.4213590881195007,589
620,0.4095238095238095,0.9047619047619048,0.4666666666666667,0.49523809523809526,558
621,0.4095238095238095,0.8095238095238095,0.4095238095238094,0.4,558
622,0.48571428571428577,0.9999999999999998,0.4285714285714285,0.514285714285714,546
623,0.4095238095238095,0.8476190476190476,0.4095238095238095,0.4380952380952381,545
624,0.3904761904761904,0.9428571428571428,0.37142857142857144,0.5523809523809524,566
625,0.4095238095238095,0.8857142857142856,0.3714285714285714,0.47619047619047605,548
626,0.4095238095238095,0.7904761904761906,0.4095238095238095,0.38095238095238104,557
627,0.4666666666666667,0.8095238095238096,0.4666666666666667,0.34285714285714297,553
628,0.4285714285714284,0.9999999999999998,0.4095238095238094,0.5714285714285714,550
629,0.48571428571428577,0.8476190476190476,0.44761904761904764,0.36190476190476184,554
630,0.4666666666666667,0.8857142857142858,0.3904761904761904,0.4190476190476191,566
631,0.4095238095238095,0.9047619047619048,0.4095238095238095,0.49523809523809526,554
632,0.4666666666666667,0.8095238095238095,0.4095238095238095,0.34285714285714286,550
633,0.44761904761904764,0.8857142857142858,0.4095238095238094,0.43809523809523815,572
634,0.3523809523809524,0.7904761904761906,0.3904761904761904,0.43809523809523815,552
635,0.4285714285714285,0.8857142857142856,0.4095238095238095,0.4571428571428571,547
636,0.4666666666666665,0.9999999999999998,0.3904761904761904,0.5333333333333332,521
637,0.4095238095238095,0.9047619047619048,0.4095238095238095,0.49523809523809526,559
638,0.4285714285714285,0.9428571428571427,0.4095238095238095,0.5142857142857142,549
639,0.48571428571428577,0.8285714285714285,0.4285714285714285,0.34285714285714275,546
640,0.3904761904761904,0.9047619047619048,0.3904761904761904,0.5142857142857143,542
641,0.5047619047619047,0.8285714285714286,0.4476190476190475,0.3238095238095239,554
642,0.4095238095238095,0.8476190476190476,0.4095238095238095,0.4380952380952381,519
643,0.4095238095238095,0.9428571428571427,0.3904761904761904,0.5333333333333332,522
644,0.4095238095238095,0.8476190476190476,0.3904761904761904,0.4380952380952381,539
645,0.4095238095238095,0.9047619047619048,0.3904761904761904,0.49523809523809526,565
646,0.3904761904761904,0.8857142857142856,0.37142857142857144,0.49523809523809514,566
647,0.4839179838175419,0.8857142857142856,0.3714285714285714,0.40179630189674365,554
648,0.48571428571428565,0.9428571428571427,0.3904761904761904,0.4571428571428571,558
649,0.4285714285714285,0.8476190476190476,0.4666666666666667,0.4190476190476191,556
650,0.4095238095238095,0.9428571428571428,0.4095238095238095,0.5333333333333333,569
651,0.4095238095238095,0.8857142857142856,0.4095238095238095,0.47619047619047605,564
652,0.4666666666666667,0.9428571428571428,0.4095238095238095,0.47619047619047616,544
653,0.4095238095238095,0.8285714285714286,0.3904761904761904,0.4190476190476191,556
654,0.4095238095238095,0.9047619047619048,0.4095238095238095,0.49523809523809526,558
655,0.4285714285714285,0.8857142857142858,0.4095238095238095,0.4571428571428573,551
656,0.4095238095238095,0.9999999999999998,0.3904761904761904,0.5904761904761903,561
657,0.4285714285714285,0.9428571428571427,0.4095238095238095,0.5142857142857142,569
658,0.4095238095238095,0.7904761904761903,0.4095238095238095,0.3809523809523808,554
659,0.4285714285714285,0.8476190476190476,0.4095238095238095,0.4190476190476191,532
660,0.4095238095238095,0.8857142857142858,0.4666666666666667,0.4761904761904763,535
661,0.5047619047619047,0.8857142857142858,0.37142857142857144,0.38095238095238104,554
662,0.4666666666666667,0.8857142857142858,0.4095238095238095,0.4190476190476191,548
663,0.4095238095238095,0.9428571428571428,0.4095238095238095,0.5333333333333333,558
664,0.4095238095238094,0.8476190476190476,0.3904761904761904,0.4380952380952382,557
665,0.4666666666666666,0.9999999999999998,0.4095238095238095,0.5333333333333332,543
666,0.4095238095238095,0.8857142857142858,0.4095238095238095,0.4761904761904763,550
667,0.4095238095238095,0.9047619047619048,0.3904761904761904,0.49523809523809526,538
668,0.4095238095238094,0.8857142857142858,0.35238095238095235,0.4761904761904764,572
669,0.4666666666666667,0.8857142857142856,0.4095238095238095,0.4190476190476189,559
670,0.48571428571428577,0.9047619047619048,0.4285714285714285,0.419047619047619,559
671,0.4285714285714284,0.9428571428571427,0.4285714285714285,0.5142857142857143,546
672,0.48571428571428565,0.9999999999999998,0.3904761904761904,0.5142857142857141,560
673,0.4666666666666667,0.6952380952380952,0.3904761904761904,0.22857142857142854,541
674,0.4095238095238095,0.9428571428571428,0.4095238095238095,0.5333333333333333,556
675,0.4666666666666667,0.9428571428571428,0.37142857142857144,0.47619047619047616,550
676,0.4095238095238095,0.9047619047619048,0.4095238095238095,0.49523809523809526,576
677,0.4476190476190475,0.9047619047619048,0.4476190476190475,0.45714285714285724,559
678,0.4285714285714285,0.9428571428571428,0.4095238095238095,0.5142857142857143,558
679,0.4666666666666667,0.9428571428571427,0.37142857142857144,0.47619047619047605,557
680,0.4666666666666667,0.8285714285714285,0.4095238095238095,0.36190476190476184,531
681,0.4666666666666667,0.9047619047619048,0.4285714285714285,0.4380952380952381,551
682,0.4285714285714285,0.9428571428571427,0.4095238095238095,0.5142857142857142,572
683,0.4666666666666665,0.8476190476190476,0.4095238095238094,0.3809523809523811,550
684,0.4095238095238095,0.9428571428571428,0.42857142857142855,0.5333333333333333,563
685,0.37142857142857144,0.8857142857142856,0.35238095238095235,0.5142857142857141,541
686,0.4666666666666667,0.8857142857142858,0.4095238095238095,0.4190476190476191,560
687,0.4095238095238095,0.9047619047619048,0.37142857142857144,0.49523809523809526,533
688,0.4285714285714285,0.8476190476190476,0.37142857142857144,0.4190476190476191,567
689,0.4095238095238095,0.8857142857142858,0.42857142857142855,0.4761904761904763,572
690,0.4666666666666667,0.8857142857142858,0.4095238095238095,0.4190476190476191,551
691,0.4095238095238094,0.9428571428571428,0.4095238095238095,0.5333333333333334,547
692,0.4095238095238094,0.7714285714285714,0.4095238095238094,0.36190476190476195,560
693,0.4285714285714285,0.8285714285714286,0.4095238095238095,0.40000000000000013,548
694,0.4666666666666666,0.9047619047619048,0.37142857142857144,0.43809523809523815,540
695,0.4857142857142856,0.9428571428571427,0.4285714285714284,0.45714285714285713,554
696,0.4666666666666667,0.8095238095238095,0.4285714285714285,0.34285714285714286,576
697,0.4095238095238094,0.9999999999999998,0.37142857142857144,0.5904761904761904,572
698,0.4095238095238095,0.9047619047619048,0.4095238095238095,0.49523809523809526,555
699,0.4095238095238095,0.9047619047619048,0.4095238095238095,0.49523809523809526,559
700,0.4095238095238095,0.9428571428571428,0.4095238095238095,0.5333333333333333,540
701,0.4095238095238095,0.9047619047619048,0.3904761904761904,0.49523809523809526,568
702,0.4095238095238095,0.8476190476190476,0.4095238095238095,0.4380952380952381,558
703,0.41725131715087516,0.8857142857142858,0.3904761904761904,0.46846296856341063,542
704,0.4666666666666665,0.7523809523809525,0.4095238095238095,0.285714285714286,535
705,0.4095238095238095,0.7904761904761906,0.4095238095238095,0.38095238095238104,550
706,0.4095238095238095,0.8476190476190476,0.37142857142857144,0.4380952380952381,546
707,0.4095238095238095,0.8857142857142858,0.42857142857142855,0.4761904761904763,556
708,0.4095238095238095,0.8476190476190476,0.4095238095238095,0.4380952380952381,545
709,0.37142857142857144,0.9428571428571427,0.37142857142857144,0.5714285714285713,544
710,0.4095238095238094,0.9428571428571427,0.3904761904761904,0.5333333333333333,567
711,0.48571428571428577,0.8857142857142856,0.4285714285714285,0.3999999999999998,563
712,0.4095238095238094,0.9047619047619048,0.37142857142857144,0.49523809523809537,541
713,0.4095238095238095,0.9999999999999998,0.4095238095238095,0.5904761904761903,563
714,0.4666666666666667,0.9428571428571428,0.4095238095238095,0.47619047619047616,554
715,0.48571428571428565,0.9047619047619045,0.4285714285714285,0.4190476190476189,567
716,0.4666666666666667,0.9047619047619048,0.4666666666666667,0.4380952380952381,572
717,0.4095238095238095,0.8857142857142858,0.3904761904761904,0.4761904761904763,553
718,0.4267751266746847,0.9047619047619045,0.3904761904761904,0.47798677808721984,541
719,0.4666666666666667,0.7904761904761903,0.3904761904761904,0.32380952380952366,532
720,0.4095238095238095,0.8476190476190476,0.3904761904761904,0.4380952380952381,562
721,0.4666666666666667,0.9428571428571427,0.4095238095238094,0.47619047619047605,554
722,0.3523809523809524,0.8857142857142858,0.4095238095238095,0.5333333333333334,560
723,0.4095238095238095,0.9047619047619045,0.4095238095238095,0.49523809523809503,551
724,0.4285714285714284,0.9428571428571427,0.4095238095238094,0.5142857142857143,558
725,0.4095238095238095,0.9047619047619045,0.4095238095238095,0.49523809523809503,541
726,0.4285714285714284,0.9047619047619048,0.3904761904761904,0.4761904761904764,555
727,0.48571428571428565,0.9047619047619048,0.4095238095238094,0.4190476190476191,559
728,0.5047619047619047,0.8095238095238096,0.4095238095238095,0.3047619047619049,541
729,0.4095238095238095,0.9428571428571428,0.3904761904761904,0.5333333333333333,540
730,0.4095238095238095,0.9999999999999998,0.4095238095238095,0.5904761904761903,531
731,0.3904761904761904,0.8857142857142856,0.4285714285714284,0.49523809523809514,553
732,0.4095238095238095,0.8285714285714285,0.4095238095238095,0.419047619047619,561
733,0.4095238095238095,0.9999999999999998,0.4095238095238095,0.5904761904761903,571
734,0.4095238095238095,0.9047619047619048,0.4095238095238095,0.49523809523809526,567
735,0.4095238095238095,0.9428571428571427,0.4095238095238095,0.5333333333333332,560
736,0.4095238095238095,0.9428571428571428,0.4095238095238095,0.5333333333333333,549
737,0.37142857142857144,0.9428571428571427,0.37142857142857144,0.5714285714285713,540
738,0.4666666666666667,0.9428571428571428,0.37142857142857144,0.47619047619047616,556
739,0.37142857142857144,0.9047619047619048,0.37142857142857144,0.5333333333333333,567
740,0.4666666666666667,0.9428571428571427,0.4095238095238095,0.47619047619047605,541
741,0.4666666666666667,0.9428571428571427,0.4666666666666667,0.47619047619047605,562
742,0.4095238095238095,0.9047619047619048,0.4095238095238095,0.49523809523809526,552
743,0.4095238095238095,0.8285714285714285,0.3904761904761904,0.419047619047619,563
744,0.3904761904761904,0.9999999999999998,0.3904761904761904,0.6095238095238094,517
745,0.4095238095238095,0.9428571428571428,0.3904761904761904,0.5333333333333333,540
746,0.4095238095238095,0.8476190476190476,0.35238095238095235,0.4380952380952381,551
747,0.4285714285714285,0.9047619047619045,0.4285714285714285,0.47619047619047605,548
748,0.4095238095238095,0.9047619047619048,0.4095238095238095,0.49523809523809526,539
749,0.4666666666666665,0.8857142857142856,0.3904761904761904,0.41904761904761906,577
750,0.4095238095238095,0.9428571428571427,0.4095238095238094,0.5333333333333332,544
751,0.4666666666666666,0.9428571428571428,0.4095238095238095,0.4761904761904762,552
752,0.4476190476190475,0.8285714285714285,0.3904761904761904,0.380952380952381,561
753,0.4095238095238095,0.9428571428571428,0.35238095238095235,0.5333333333333333,545
754,0.48571428571428565,0.8857142857142858,0.4285714285714285,0.40000000000000013,550
755,0.4666666666666667,0.8095238095238095,0.4095238095238095,0.34285714285714286,537
756,0.4666666666666667,0.9428571428571428,0.4095238095238095,0.47619047619047616,565
757,0.4095238095238094,0.9428571428571427,0.4095238095238094,0.5333333333333333,537
758,0.4666666666666667,0.7333333333333334,0.4095238095238095,0.2666666666666667,578
759,0.41725131715087516,0.9999999999999998,0.3904761904761904,0.5827486828491246,534
760,0.4666666666666666,0.9428571428571427,0.4095238095238095,0.4761904761904761,537
761,0.37142857142857144,0.9047619047619048,0.37142857142857144,0.5333333333333333,551
762,0.4095238095238095,0.8857142857142858,0.42857142857142855,0.4761904761904763,551
763,0.4095238095238095,0.8857142857142856,0.4095238095238095,0.47619047619047605,557
764,0.4666666666666667,0.9428571428571427,0.4095238095238095,0.47619047619047605,545
765,0.4857142857142856,0.9428571428571428,0.4095238095238095,0.45714285714285724,547
766,0.4285714285714285,0.8857142857142858,0.4095238095238095,0.4571428571428573,567
767,0.4095238095238095,0.9999999999999998,0.4095238095238095,0.5904761904761903,540
768,0.4939569605164891,0.8095238095238095,0.4095238095238095,0.31556684900732046,536
769,0.4666666666666667,0.8857142857142856,0.3904761904761904,0.4190476190476189,537
770,0.4095238095238095,0.8476190476190475,0.3904761904761904,0.438095238095238,540
771,0.44761904761904747,0.9047619047619048,0.44761904761904747,0.4571428571428573,554
772,0.4666666666666666,0.9428571428571428,0.37142857142857144,0.4761904761904762,561
773,0.4285714285714285,0.9999999999999998,0.4285714285714285,0.5714285714285713,540
774,0.4095238095238095,0.8857142857142858,0.37142857142857144,0.4761904761904763,559
775,0.4095238095238095,0.9428571428571427,0.35238095238095235,0.5333333333333332,543
776,0.4095238095238095,0.9428571428571428,0.37142857142857144,0.5333333333333333,557
777,0.4095238095238095,0.9047619047619048,0.4095238095238095,0.49523809523809526,549
778,0.4285714285714285,0.7523809523809524,0.4095238095238094,0.3238095238095239,557
779,0.4095238095238095,0.9999999999999998,0.4666666666666667,0.5904761904761903,546
780,0.5047619047619047,0.9428571428571427,0.4095238095238094,0.438095238095238,574
781,0.4666666666666667,0.8857142857142858,0.4666666666666667,0.4190476190476191,548
782,0.4095238095238095,0.9428571428571428,0.3904761904761904,0.5333333333333333,542
783,0.4362989361984942,0.9428571428571428,0.4095238095238095,0.5065582066586487,554
784,0.37142857142857144,0.9047619047619048,0.35238095238095235,0.5333333333333333,543
785,0.4285714285714285,0.9047619047619048,0.4285714285714285,0.4761904761904763,543
786,0.4285714285714285,0.8857142857142858,0.4095238095238095,0.4571428571428573,553
787,0.4095238095238095,0.9428571428571428,0.4095238095238095,0.5333333333333333,547
788,0.3904761904761904,0.8857142857142858,0.3904761904761904,0.49523809523809537,534
789,0.4095238095238095,0.9047619047619048,0.4095238095238095,0.49523809523809526,537
790,0.4095238095238095,0.9047619047619048,0.4095238095238095,0.49523809523809526,545
791,0.4095238095238095,0.9999999999999998,0.4095238095238095,0.5904761904761903,563
792,0.4095238095238095,0.8476190476190476,0.4095238095238095,0.4380952380952381,568
793,0.42625995949954687,0.8476190476190476,0.4095238095238095,0.42135908811950074,575
794,0.4095238095238095,0.8476190476190476,0.3904761904761904,0.4380952380952381,558
795,0.4095238095238095,0.8857142857142856,0.4095238095238095,0.47619047619047605,579
796,0.4666666666666666,0.8857142857142858,0.3904761904761904,0.41904761904761917,540
797,0.4095238095238095,0.9428571428571427,0.4095238095238095,0.5333333333333332,575
798,0.4095238095238095,0.7523809523809524,0.4095238095238095,0.34285714285714286,545
799,0.4095238095238095,0.7904761904761903,0.3904761904761904,0.3809523809523808,551
800,0.4095238095238095,0.8857142857142856,0.3904761904761904,0.47619047619047605,550
801,0.4095238095238095,0.8857142857142858,0.35238095238095235,0.4761904761904763,569
802,0.4095238095238095,0.9047619047619048,0.3904761904761904,0.49523809523809526,552
803,0.4666666666666667,0.9047619047619048,0.4095238095238095,0.4380952380952381,555
804,0.4095238095238095,0.7523809523809524,0.3904761904761904,0.34285714285714286,557
805,0.4285714285714284,0.9047619047619045,0.4285714285714284,0.47619047619047616,549
806,0.4285714285714285,0.9999999999999998,0.3904761904761904,0.5714285714285713,541
807,0.4095238095238095,0.8857142857142856,0.37142857142857144,0.47619047619047605,568
808,0.4095238095238095,0.9428571428571427,0.4095238095238095,0.5333333333333332,550
809,0.4095238095238095,0.8857142857142858,0.4095238095238095,0.4761904761904763,555
810,0.4095238095238094,0.8857142857142856,0.35238095238095235,0.47619047619047616,553
811,0.4666666666666667,0.8476190476190476,0.4095238095238095,0.38095238095238093,556
812,0.4095238095238095,0.8476190476190475,0.35238095238095235,0.438095238095238,541
813,0.4095238095238095,0.9428571428571427,0.4095238095238095,0.5333333333333332,554
814,0.4095238095238095,0.9428571428571427,0.3904761904761904,0.5333333333333332,573
815,0.4095238095238095,0.8857142857142856,0.35238095238095235,0.47619047619047605,545
816,0.4095238095238095,0.9428571428571428,0.37142857142857144,0.5333333333333333,560
817,0.4095238095238095,0.7904761904761903,0.4095238095238095,0.3809523809523808,522
818,0.5047619047619047,0.8285714285714285,0.4095238095238095,0.32380952380952377,537
819,0.4095238095238095,0.7904761904761906,0.35238095238095235,0.38095238095238104,547
820,0.4666666666666667,0.9428571428571428,0.4095238095238095,0.47619047619047616,551
821,0.4095238095238095,0.9428571428571428,0.4095238095238095,0.5333333333333333,549
822,0.4095238095238095,0.8857142857142858,0.4095238095238094,0.4761904761904763,548
823,0.4095238095238095,0.8857142857142858,0.3904761904761904,0.4761904761904763,556
824,0.4095238095238095,0.9428571428571428,0.4095238095238095,0.5333333333333333,566
825,0.4666666666666667,0.7904761904761906,0.4095238095238095,0.3238095238095239,560
826,0.4095238095238095,0.9428571428571428,0.4095238095238095,0.5333333333333333,557
827,0.4095238095238095,0.8476190476190476,0.3904761904761904,0.4380952380952381,544
828,0.4095238095238095,0.9428571428571427,0.3904761904761904,0.5333333333333332,546
829,0.5047619047619047,0.8476190476190478,0.4095238095238095,0.3428571428571431,547
830,0.4095238095238095,0.8095238095238095,0.3904761904761904,0.4,558
831,0.4095238095238095,0.8857142857142858,0.4095238095238095,0.4761904761904763,572
832,0.4666666666666667,0.9428571428571427,0.3904761904761904,0.47619047619047605,547
833,0.48571428571428565,0.9999999999999998,0.4285714285714285,0.5142857142857141,529
834,0.4285714285714285,0.8857142857142856,0.4095238095238094,0.4571428571428571,543
835,0.4357837690233564,0.9999999999999998,0.4095238095238095,0.5642162309766434,561
836,0.48571428571428577,0.9428571428571428,0.4285714285714285,0.4571428571428571,554
837,0.4095238095238095,0.8476190476190476,0.3714285714285714,0.4380952380952381,545
838,0.4666666666666667,0.8476190476190476,0.4095238095238094,0.38095238095238093,567
839,0.4095238095238095,0.7904761904761903,0.3904761904761904,0.3809523809523808,543
840,0.4285714285714284,0.9999999999999998,0.4285714285714284,0.5714285714285714,544
841,0.4666666666666667,0.8476190476190476,0.4666666666666667,0.38095238095238093,551
842,0.4666666666666665,0.9999999999999998,0.4095238095238094,0.5333333333333332,558
843,0.4754245086440078,0.7904761904761903,0.4666666666666667,0.3150516818321825,525
844,0.41725131715087516,0.8857142857142858,0.3904761904761904,0.46846296856341063,544
845,0.4095238095238095,0.8285714285714286,0.4095238095238095,0.4190476190476191,541
846,0.37142857142857144,0.9999999999999998,0.3523809523809524,0.6285714285714283,562
847,0.4666666666666666,0.9047619047619048,0.2952380952380952,0.43809523809523815,538
848,0.4285714285714285,0.9047619047619048,0.4095238095238095,0.4761904761904763,549
849,0.5047619047619047,0.7904761904761903,0.5238095238095238,0.2857142857142856,556
850,0.4095238095238095,0.9047619047619048,0.3904761904761904,0.49523809523809526,541
851,0.4095238095238095,0.9428571428571428,0.3904761904761904,0.5333333333333333,564
852,0.4666666666666665,0.9047619047619048,0.4095238095238095,0.43809523809523826,546
853,0.4095238095238095,0.8476190476190476,0.3904761904761904,0.4380952380952381,544
854,0.4666666666666667,0.9047619047619048,0.4095238095238095,0.4380952380952381,555
855,0.4666666666666667,0.8857142857142858,0.3904761904761904,0.4190476190476191,546
856,0.4666666666666666,0.8857142857142858,0.4095238095238095,0.41904761904761917,535
857,0.42677512667468465,0.9428571428571427,0.4666666666666667,0.5160820161824581,552
858,0.4666666666666667,0.8095238095238095,0.4666666666666667,0.34285714285714286,550
859,0.4666666666666667,0.9047619047619048,0.4095238095238095,0.4380952380952381,565
860,0.4666666666666667,0.9428571428571427,0.4095238095238095,0.47619047619047605,541
861,0.41725131715087516,0.8857142857142858,0.4095238095238095,0.46846296856341063,557
862,0.4666666666666666,0.9047619047619048,0.3904761904761904,0.43809523809523815,551
863,0.4095238095238095,0.8857142857142856,0.4095238095238095,0.47619047619047605,552
864,0.4666666666666666,0.8857142857142856,0.4095238095238095,0.41904761904761895,555
865,0.4666666666666665,0.8476190476190476,0.4666666666666667,0.3809523809523811,525
866,0.4095238095238095,0.9999999999999998,0.4095238095238095,0.5904761904761903,570
867,0.4095238095238095,0.9047619047619048,0.35238095238095235,0.49523809523809526,530
868,0.4095238095238095,0.9999999999999998,0.4095238095238095,0.5904761904761903,538
869,0.4476190476190475,0.9999999999999998,0.4095238095238095,0.5523809523809522,560
870,0.4095238095238095,0.9047619047619048,0.4095238095238095,0.49523809523809526,568
871,0.48571428571428565,0.9047619047619048,0.48571428571428565,0.4190476190476191,532
872,0.4095238095238095,0.8476190476190476,0.4095238095238095,0.4380952380952381,548
873,0.4666666666666666,0.8857142857142856,0.4095238095238095,0.41904761904761895,541
874,0.4666666666666666,0.9047619047619048,0.4285714285714285,0.43809523809523815,556
875,0.4857142857142856,0.9428571428571427,0.4285714285714284,0.45714285714285713,561
876,0.48571428571428565,0.7714285714285714,0.4095238095238094,0.2857142857142857,543
877,0.5047619047619049,0.9428571428571427,0.4095238095238095,0.43809523809523787,559
878,0.4666666666666667,0.9047619047619048,0.4095238095238095,0.4380952380952381,550
879,0.4095238095238095,0.8476190476190476,0.3904761904761904,0.4380952380952381,558
880,0.4095238095238095,0.9428571428571427,0.4095238095238095,0.5333333333333332,558
881,0.4095238095238095,0.9428571428571428,0.4095238095238095,0.5333333333333333,564
882,0.4666666666666667,0.9047619047619048,0.4095238095238095,0.4380952380952381,573
883,0.4095238095238095,0.7333333333333334,0.3904761904761904,0.3238095238095239,559
884,0.3904761904761904,0.9428571428571428,0.37142857142857144,0.5523809523809524,564
885,0.4095238095238095,0.8857142857142858,0.4095238095238094,0.4761904761904763,554
886,0.4285714285714285,0.9428571428571427,0.4285714285714285,0.5142857142857142,549
887,0.4095238095238095,0.8857142857142856,0.3904761904761904,0.47619047619047605,541
888,0.4666666666666667,0.9047619047619045,0.4095238095238095,0.43809523809523787,558
889,0.4285714285714285,0.8857142857142858,0.4285714285714285,0.4571428571428573,553
890,0.4666666666666667,0.8476190476190476,0.4095238095238095,0.38095238095238093,549
891,0.4095238095238095,0.9047619047619048,0.3904761904761904,0.49523809523809526,549
892,0.4095238095238095,0.9999999999999998,0.4095238095238095,0.5904761904761903,568
893,0.4095238095238095,0.9047619047619048,0.4095238095238095,0.49523809523809526,550
894,0.4095238095238094,0.9428571428571427,0.4095238095238094,0.5333333333333333,559
895,0.48571428571428565,0.9047619047619048,0.4095238095238095,0.4190476190476191,563
896,0.4666666666666667,0.8857142857142856,0.3904761904761904,0.4190476190476189,551
897,0.4095238095238095,0.9428571428571427,0.4095238095238095,0.5333333333333332,546
898,0.4095238095238094,0.9047619047619048,0.3904761904761904,0.49523809523809537,545
899,0.4095238095238095,0.9428571428571428,0.4095238095238095,0.5333333333333333,535
900,0.4095238095238095,0.8285714285714285,0.37142857142857144,0.419047619047619,547
901,0.4285714285714284,0.9428571428571428,0.4285714285714284,0.5142857142857145,555
902,0.48571428571428577,0.9428571428571428,0.4285714285714285,0.4571428571428571,569
903,0.4095238095238094,0.9428571428571428,0.4095238095238094,0.5333333333333334,545
904,0.4095238095238095,0.8857142857142856,0.3904761904761904,0.47619047619047605,560
905,0.4666666666666667,0.9999999999999998,0.4095238095238095,0.5333333333333331,567
906,0.4095238095238095,0.9047619047619048,0.4095238095238095,0.49523809523809526,530
907,0.4095238095238095,0.8857142857142856,0.3904761904761904,0.47619047619047605,565
908,0.4095238095238095,0.9428571428571428,0.4095238095238095,0.5333333333333333,562
909,0.4666666666666667,0.8476190476190476,0.4666666666666667,0.38095238095238093,561
910,0.4857142857142856,0.9428571428571427,0.35238095238095235,0.45714285714285713,556
911,0.4095238095238095,0.8476190476190476,0.4095238095238095,0.4380952380952381,543
912,0.4095238095238094,0.9047619047619048,0.3904761904761904,0.49523809523809537,558
913,0.4285714285714285,0.9047619047619048,0.4095238095238095,0.4761904761904763,556
914,0.4666666666666667,0.8857142857142858,0.4095238095238095,0.4190476190476191,558
915,0.4095238095238094,0.8857142857142856,0.3904761904761904,0.47619047619047616,547
916,0.4666666666666667,0.9428571428571427,0.4666666666666667,0.47619047619047605,558
917,0.4095238095238095,0.9428571428571428,0.4095238095238095,0.5333333333333333,556
918,0.4666666666666667,0.9047619047619048,0.37142857142857144,0.4380952380952381,556
919,0.4666666666666667,0.9428571428571428,0.4095238095238095,0.47619047619047616,539
920,0.4666666666666667,0.9999999999999998,0.4095238095238095,0.5333333333333331,545
921,0.4285714285714285,0.9999999999999998,0.4095238095238095,0.5714285714285713,541
922,0.4095238095238095,0.8476190476190476,0.4095238095238095,0.4380952380952381,554
923,0.37142857142857144,0.9047619047619048,0.4095238095238095,0.5333333333333333,542
924,0.4095238095238095,0.8285714285714286,0.37142857142857144,0.4190476190476191,548
925,0.4666666666666667,0.8476190476190476,0.35238095238095235,0.38095238095238093,565
926,0.4095238095238095,0.9047619047619048,0.3904761904761904,0.49523809523809526,549
927,0.4095238095238095,0.8476190476190476,0.4095238095238095,0.4380952380952381,549
928,0.4095238095238095,0.9999999999999998,0.4095238095238095,0.5904761904761903,546
929,0.37142857142857144,0.9999999999999998,0.37142857142857144,0.6285714285714283,548
930,0.37142857142857144,0.9999999999999998,0.4095238095238095,0.6285714285714283,569
931,0.37142857142857144,0.8476190476190476,0.37142857142857144,0.47619047619047616,569
932,0.4666666666666667,0.7904761904761906,0.4095238095238095,0.3238095238095239,558
933,0.4666666666666667,0.8857142857142856,0.3904761904761904,0.4190476190476189,548
934,0.4095238095238095,0.8857142857142858,0.4095238095238095,0.4761904761904763,556
935,0.4666666666666665,0.8857142857142858,0.3904761904761904,0.4190476190476193,557
936,0.4095238095238095,0.8476190476190476,0.4095238095238095,0.4380952380952381,583
937,0.4285714285714285,0.9428571428571427,0.4285714285714285,0.5142857142857142,566
938,0.4095238095238095,0.9047619047619048,0.3904761904761904,0.49523809523809526,557
939,0.4095238095238095,0.9047619047619048,0.35238095238095235,0.49523809523809526,536
940,0.4357837690233565,0.9428571428571428,0.4095238095238095,0.5070733738337863,537
941,0.4285714285714285,0.8285714285714286,0.3714285714285714,0.40000000000000013,570
942,0.4095238095238095,0.8857142857142856,0.3904761904761904,0.47619047619047605,541
943,0.4095238095238095,0.8095238095238095,0.4095238095238095,0.4,560
944,0.4666666666666667,0.9428571428571427,0.4095238095238095,0.47619047619047605,547
945,0.4095238095238095,0.8857142857142858,0.3904761904761904,0.4761904761904763,556
946,0.4095238095238095,0.9428571428571427,0.3904761904761904,0.5333333333333332,536
947,0.4285714285714285,0.8476190476190476,0.3714285714285714,0.4190476190476191,536
948,0.4095238095238095,0.9428571428571428,0.4095238095238095,0.5333333333333333,543
949,0.4095238095238095,0.8857142857142858,0.4095238095238095,0.4761904761904763,553
950,0.4666666666666667,0.9047619047619048,0.4095238095238095,0.4380952380952381,535
951,0.4095238095238095,0.9428571428571428,0.3523809523809524,0.5333333333333333,540
952,0.5047619047619049,0.8857142857142856,0.42857142857142855,0.3809523809523807,537
953,0.5047619047619047,0.7904761904761906,0.4476190476190475,0.2857142857142858,552
954,0.4095238095238095,0.8857142857142856,0.4285714285714285,0.47619047619047605,551
955,0.4666666666666667,0.8857142857142858,0.4095238095238095,0.4190476190476191,547
956,0.4095238095238095,0.9428571428571428,0.4095238095238095,0.5333333333333333,552
957,0.3904761904761904,0.9428571428571427,0.3904761904761904,0.5523809523809523,542
958,0.3523809523809524,0.8476190476190478,0.3904761904761904,0.4952380952380954,539
959,0.4666666666666667,0.7904761904761906,0.35238095238095235,0.3238095238095239,552
960,0.44761904761904764,0.9428571428571428,0.4095238095238095,0.4952380952380952,536
961,0.4095238095238095,0.8285714285714285,0.3333333333333333,0.419047619047619,565
962,0.37142857142857144,0.8476190476190476,0.35238095238095235,0.47619047619047616,545
963,0.4095238095238095,0.9047619047619048,0.4095238095238095,0.49523809523809526,547
964,0.4095238095238095,0.9999999999999998,0.4095238095238095,0.5904761904761903,548
965,0.4267751266746847,0.8857142857142856,0.42857142857142855,0.45893915903960086,551
966,0.4095238095238095,0.9428571428571428,0.4095238095238095,0.5333333333333333,563
967,0.4476190476190475,0.9999999999999998,0.4095238095238095,0.5523809523809522,548
968,0.4285714285714285,0.9047619047619048,0.4285714285714285,0.4761904761904763,551
969,0.4095238095238095,0.9428571428571428,0.3904761904761904,0.5333333333333333,550
970,0.4666666666666667,0.8476190476190476,0.4285714285714285,0.38095238095238093,542
971,0.4095238095238095,0.9999999999999998,0.4095238095238095,0.5904761904761903,566
972,0.4095238095238095,0.9999999999999998,0.4095238095238095,0.5904761904761903,553
973,0.4095238095238095,0.9428571428571428,0.4095238095238095,0.5333333333333333,544
974,0.4666666666666665,0.9999999999999998,0.4095238095238094,0.5333333333333332,547
975,0.4285714285714284,0.8095238095238095,0.4095238095238094,0.38095238095238115,560
976,0.4095238095238095,0.8476190476190476,0.4095238095238095,0.4380952380952381,547
977,0.4095238095238095,0.8857142857142856,0.4095238095238095,0.47619047619047605,567
978,0.4095238095238095,0.9047619047619048,0.3904761904761904,0.49523809523809526,547
979,0.4666666666666665,0.9428571428571427,0.4095238095238095,0.4761904761904762,562
980,0.4666666666666667,0.9428571428571428,0.4095238095238095,0.47619047619047616,558
981,0.4095238095238095,0.7904761904761903,0.4095238095238095,0.3809523809523808,555
982,0.4362989361984942,0.9428571428571428,0.4095238095238095,0.5065582066586487,568
983,0.37142857142857144,0.9428571428571428,0.3333333333333333,0.5714285714285714,552
984,0.4476190476190475,0.9428571428571427,0.4285714285714285,0.4952380952380952,556
985,0.4095238095238095,0.9999999999999998,0.4095238095238095,0.5904761904761903,553
986,0.4095238095238095,0.9047619047619048,0.4095238095238095,0.49523809523809526,555
987,0.4095238095238095,0.9047619047619045,0.4095238095238095,0.49523809523809503,556
988,0.5047619047619046,0.9428571428571428,0.4285714285714284,0.4380952380952382,554
989,0.4285714285714285,0.9999999999999998,0.4285714285714285,0.5714285714285713,555
990,0.4095238095238095,0.9428571428571428,0.37142857142857144,0.5333333333333333,557
991,0.4095238095238095,0.9047619047619048,0.4095238095238095,0.49523809523809526,549
992,0.37142857142857144,0.9047619047619048,0.35238095238095235,0.5333333333333333,563
993,0.4095238095238095,0.9428571428571428,0.37142857142857144,0.5333333333333333,541
994,0.37142857142857144,0.9428571428571428,0.37142857142857144,0.5714285714285714,546
995,0.4095238095238095,0.8857142857142858,0.3904761904761904,0.4761904761904763,560
996,0.4095238095238095,0.9047619047619048,0.3904761904761904,0.49523809523809526,547
997,0.4666666666666666,0.8857142857142858,0.4285714285714284,0.41904761904761917,570
998,0.4666666666666667,0.9047619047619048,0.4095238095238095,0.4380952380952381,570
999,0.4095238095238095,0.9428571428571427,0.4095238095238095,0.5333333333333332,556
